"vernietigingskandidaatId","bronId","bronIdNaam","omschrijving","classificatieschema","classificatiesleutel","classificatieomschrijving","domein","zaaktype","selectielijst","selectielijstjaar","grondslag","resultaat","bewaartermijn","waardering","begindatum","einddatum","vernietigingsdatum","aantalObjecten","aantalBetrokkenen","relatieType","relatieId","statusVernietigingskandidaat","bronstatus","toelichting"
"vk-sd-0001","bron-sd-0001","ZAAK-1996-00001","Aanvraag bijstandsuitkering ZAAK-1996-00001","ZTC","ZTC-SD-BZ-001","Aanvraag bijstandsuitkering","Bestaanszekerheid","Aanvraag bijstandsuitkering","Selectielijst gemeenten en intergemeentelijke organen 2012","2012","Sociaal domein bestaanszekerheid - uitkering","Afgehandeld","P7Y","VERNIETIGEN","1996-08-12","1996-12-11","2003-12-12","6","3","ZAAK","REL-SD-0001","SELECTED","ONVERANDERD","Testzaak sociaal domein; selectielijstjaar afgeleid uit zaakjaar 1996"
"vk-sd-0002","bron-sd-0002","ZAAK-1997-00002","Bijzondere bijstand ZAAK-1997-00002","ZTC","ZTC-SD-BZ-002","Bijzondere bijstand","Bestaanszekerheid","Bijzondere bijstand","Selectielijst gemeenten en intergemeentelijke organen 2012","2012","Sociaal domein bestaanszekerheid - bijzondere bijstand","Afgehandeld","P7Y","VERNIETIGEN","1997-03-23","1997-10-22","2004-10-23","2","1","ZAAK","REL-SD-0002","SELECTED","ONVERANDERD","Testzaak sociaal domein; selectielijstjaar afgeleid uit zaakjaar 1997"
"vk-sd-0003","bron-sd-0003","ZAAK-1998-00003","Minimaregeling ZAAK-1998-00003","ZTC","ZTC-SD-BZ-003","Minimaregeling","Bestaanszekerheid","Minimaregeling","Selectielijst gemeenten en intergemeentelijke organen 2012","2012","Sociaal domein bestaanszekerheid - minimabeleid","Afgehandeld","P5Y","VERNIETIGEN","1998-10-08","1999-08-07","2004-08-08","7","3","ZAAK","REL-SD-0003","SELECTED","ONVERANDERD","Testzaak sociaal domein; selectielijstjaar afgeleid uit zaakjaar 1998"
"vk-sd-0004","bron-sd-0004","ZAAK-1999-00004","Schuldhulpverlening ZAAK-1999-00004","ZTC","ZTC-SD-BZ-004","Schuldhulpverlening","Bestaanszekerheid","Schuldhulpverlening","Selectielijst gemeenten en intergemeentelijke organen 2012","2012","Sociaal domein bestaanszekerheid - schuldhulp","Beeindigd","P7Y","VERNIETIGEN","1999-05-19","2000-06-18","2007-06-19","3","1","ZAAK","REL-SD-0004","SELECTED","ONVERANDERD","Testzaak sociaal domein; selectielijstjaar afgeleid uit zaakjaar 1999"
"vk-sd-0005","bron-sd-0005","ZAAK-2000-00005","Wmo maatwerkvoorziening ZAAK-2000-00005","ZTC","ZTC-SD-WMO-001","Wmo maatwerkvoorziening","Wmo","Wmo maatwerkvoorziening","Selectielijst gemeenten en intergemeentelijke organen 2012","2012","Sociaal domein Wmo - maatwerkvoorziening","Afgehandeld","P7Y","VERNIETIGEN","2000-12-04","2002-04-03","2009-04-04","8","3","ZAAK","REL-SD-0005","SELECTED","ONVERANDERD","Testzaak sociaal domein; selectielijstjaar afgeleid uit zaakjaar 2000"
"vk-sd-0006","bron-sd-0006","ZAAK-2001-00006","Huishoudelijke ondersteuning ZAAK-2001-00006","ZTC","ZTC-SD-WMO-002","Huishoudelijke ondersteuning","Wmo","Huishoudelijke ondersteuning","Selectielijst gemeenten en intergemeentelijke organen 2012","2012","Sociaal domein Wmo - ondersteuning thuis","Afgehandeld","P7Y","VERNIETIGEN","2001-07-15","2001-08-14","2008-08-15","4","1","ZAAK","REL-SD-0006","SELECTED","ONVERANDERD","Testzaak sociaal domein; selectielijstjaar afgeleid uit zaakjaar 2001"
"vk-sd-0007","bron-sd-0007","ZAAK-2002-00007","Wmo vervoersvoorziening ZAAK-2002-00007","ZTC","ZTC-SD-WMO-003","Wmo vervoersvoorziening","Wmo","Wmo vervoersvoorziening","Selectielijst gemeenten en intergemeentelijke organen 2012","2012","Sociaal domein Wmo - vervoer","Afgehandeld","P7Y","VERNIETIGEN","2002-02-26","2002-06-25","2009-06-26","9","3","ZAAK","REL-SD-0007","SELECTED","ONVERANDERD","Testzaak sociaal domein; selectielijstjaar afgeleid uit zaakjaar 2002"
"vk-sd-0008","bron-sd-0008","ZAAK-2003-00008","Beschermd wonen ZAAK-2003-00008","ZTC","ZTC-SD-WMO-004","Beschermd wonen","Wmo","Beschermd wonen","Selectielijst gemeenten en intergemeentelijke organen 2012","2012","Sociaal domein Wmo - beschermd wonen","Beeindigd","P10Y","VERNIETIGEN","2003-09-11","2004-04-10","2014-04-11","5","1","ZAAK","REL-SD-0008","SELECTED","ONVERANDERD","Testzaak sociaal domein; selectielijstjaar afgeleid uit zaakjaar 2003"
"vk-sd-0009","bron-sd-0009","ZAAK-2004-00009","Jeugdhulpvoorziening ZAAK-2004-00009","ZTC","ZTC-SD-JG-001","Jeugdhulpvoorziening","Jeugd","Jeugdhulpvoorziening","Selectielijst gemeenten en intergemeentelijke organen 2012","2012","Sociaal domein jeugd - jeugdhulp","Afgehandeld","P15Y","VERNIETIGEN","2004-04-22","2005-02-21","2020-02-22","1","3","ZAAK","REL-SD-0009","SELECTED","ONVERANDERD","Testzaak sociaal domein; selectielijstjaar afgeleid uit zaakjaar 2004"
"vk-sd-0010","bron-sd-0010","ZAAK-2005-00010","Pgb jeugd ZAAK-2005-00010","ZTC","ZTC-SD-JG-002","Pgb jeugd","Jeugd","Pgb jeugd","Selectielijst gemeenten en intergemeentelijke organen 2012","2012","Sociaal domein jeugd - pgb","Afgehandeld","P15Y","VERNIETIGEN","2005-11-07","2006-12-06","2021-12-07","6","1","ZAAK","REL-SD-0010","SELECTED","ONVERANDERD","Testzaak sociaal domein; selectielijstjaar afgeleid uit zaakjaar 2005"
"vk-sd-0011","bron-sd-0011","ZAAK-2006-00011","Jeugdbescherming melding ZAAK-2006-00011","ZTC","ZTC-SD-JG-003","Jeugdbescherming melding","Jeugd","Jeugdbescherming melding","Selectielijst gemeenten en intergemeentelijke organen 2012","2012","Sociaal domein jeugd - jeugdbescherming","Afgesloten","P20Y","VERNIETIGEN","2006-06-18","2007-10-17","2027-10-18","2","3","ZAAK","REL-SD-0011","SELECTED","ONVERANDERD","Testzaak sociaal domein; selectielijstjaar afgeleid uit zaakjaar 2006"
"vk-sd-0012","bron-sd-0012","ZAAK-2007-00012","Leerlingenvervoer jeugd ZAAK-2007-00012","ZTC","ZTC-SD-JG-004","Leerlingenvervoer jeugd","Jeugd","Leerlingenvervoer jeugd","Selectielijst gemeenten en intergemeentelijke organen 2012","2012","Sociaal domein jeugd - leerlingenvervoer","Afgehandeld","P7Y","VERNIETIGEN","2007-01-03","2007-02-02","2014-02-03","7","1","ZAAK","REL-SD-0012","SELECTED","ONVERANDERD","Testzaak sociaal domein; selectielijstjaar afgeleid uit zaakjaar 2007"
"vk-sd-0013","bron-sd-0013","ZAAK-2008-00013","Aanvraag bijstandsuitkering ZAAK-2008-00013","ZTC","ZTC-SD-BZ-001","Aanvraag bijstandsuitkering","Bestaanszekerheid","Aanvraag bijstandsuitkering","Selectielijst gemeenten en intergemeentelijke organen 2012","2012","Sociaal domein bestaanszekerheid - uitkering","Afgehandeld","P7Y","VERNIETIGEN","2008-08-14","2008-12-13","2015-12-14","3","3","ZAAK","REL-SD-0013","SELECTED","ONVERANDERD","Testzaak sociaal domein; selectielijstjaar afgeleid uit zaakjaar 2008"
"vk-sd-0014","bron-sd-0014","ZAAK-2009-00014","Bijzondere bijstand ZAAK-2009-00014","ZTC","ZTC-SD-BZ-002","Bijzondere bijstand","Bestaanszekerheid","Bijzondere bijstand","Selectielijst gemeenten en intergemeentelijke organen 2012","2012","Sociaal domein bestaanszekerheid - bijzondere bijstand","Afgehandeld","P7Y","VERNIETIGEN","2009-03-25","2009-10-24","2016-10-25","8","1","ZAAK","REL-SD-0014","SELECTED","ONVERANDERD","Testzaak sociaal domein; selectielijstjaar afgeleid uit zaakjaar 2009"
"vk-sd-0015","bron-sd-0015","ZAAK-2010-00015","Minimaregeling ZAAK-2010-00015","ZTC","ZTC-SD-BZ-003","Minimaregeling","Bestaanszekerheid","Minimaregeling","Selectielijst gemeenten en intergemeentelijke organen 2012","2012","Sociaal domein bestaanszekerheid - minimabeleid","Afgehandeld","P5Y","VERNIETIGEN","2010-10-10","2011-08-09","2016-08-10","4","3","ZAAK","REL-SD-0015","SELECTED","ONVERANDERD","Testzaak sociaal domein; selectielijstjaar afgeleid uit zaakjaar 2010"
"vk-sd-0016","bron-sd-0016","ZAAK-2011-00016","Schuldhulpverlening ZAAK-2011-00016","ZTC","ZTC-SD-BZ-004","Schuldhulpverlening","Bestaanszekerheid","Schuldhulpverlening","Selectielijst gemeenten en intergemeentelijke organen 2012","2012","Sociaal domein bestaanszekerheid - schuldhulp","Beeindigd","P7Y","VERNIETIGEN","2011-05-21","2012-06-20","2019-06-21","9","1","ZAAK","REL-SD-0016","SELECTED","ONVERANDERD","Testzaak sociaal domein; selectielijstjaar afgeleid uit zaakjaar 2011"
"vk-sd-0017","bron-sd-0017","ZAAK-2012-00017","Wmo maatwerkvoorziening ZAAK-2012-00017","ZTC","ZTC-SD-WMO-001","Wmo maatwerkvoorziening","Wmo","Wmo maatwerkvoorziening","Selectielijst gemeenten en intergemeentelijke organen 2012","2012","Sociaal domein Wmo - maatwerkvoorziening","Afgehandeld","P7Y","VERNIETIGEN","2012-12-06","2014-04-05","2021-04-06","5","3","ZAAK","REL-SD-0017","SELECTED","ONVERANDERD","Testzaak sociaal domein; selectielijstjaar afgeleid uit zaakjaar 2012"
"vk-sd-0018","bron-sd-0018","ZAAK-2013-00018","Huishoudelijke ondersteuning ZAAK-2013-00018","ZTC","ZTC-SD-WMO-002","Huishoudelijke ondersteuning","Wmo","Huishoudelijke ondersteuning","Selectielijst gemeenten en intergemeentelijke organen 2012","2012","Sociaal domein Wmo - ondersteuning thuis","Afgehandeld","P7Y","VERNIETIGEN","2013-07-17","2013-08-16","2020-08-17","1","1","ZAAK","REL-SD-0018","SELECTED","ONVERANDERD","Testzaak sociaal domein; selectielijstjaar afgeleid uit zaakjaar 2013"
"vk-sd-0019","bron-sd-0019","ZAAK-2014-00019","Wmo vervoersvoorziening ZAAK-2014-00019","ZTC","ZTC-SD-WMO-003","Wmo vervoersvoorziening","Wmo","Wmo vervoersvoorziening","Selectielijst gemeenten en intergemeentelijke organen 2012","2012","Sociaal domein Wmo - vervoer","Afgehandeld","P7Y","VERNIETIGEN","2014-02-02","2014-06-01","2021-06-02","6","3","ZAAK","REL-SD-0019","SELECTED","ONVERANDERD","Testzaak sociaal domein; selectielijstjaar afgeleid uit zaakjaar 2014"
"vk-sd-0020","bron-sd-0020","ZAAK-2015-00020","Beschermd wonen ZAAK-2015-00020","ZTC","ZTC-SD-WMO-004","Beschermd wonen","Wmo","Beschermd wonen","Selectielijst gemeenten en intergemeentelijke organen 2012","2012","Sociaal domein Wmo - beschermd wonen","Beeindigd","P10Y","VERNIETIGEN","2015-09-13","2016-04-12","2026-04-13","2","1","ZAAK","REL-SD-0020","SELECTED","ONVERANDERD","Testzaak sociaal domein; selectielijstjaar afgeleid uit zaakjaar 2015"
"vk-sd-0021","bron-sd-0021","ZAAK-2016-00021","Jeugdhulpvoorziening ZAAK-2016-00021","ZTC","ZTC-SD-JG-001","Jeugdhulpvoorziening","Jeugd","Jeugdhulpvoorziening","Selectielijst gemeenten en intergemeentelijke organen 2012","2012","Sociaal domein jeugd - jeugdhulp","Afgehandeld","P15Y","VERNIETIGEN","2016-04-24","2017-02-23","2032-02-24","7","3","ZAAK","REL-SD-0021","SELECTED","ONVERANDERD","Testzaak sociaal domein; selectielijstjaar afgeleid uit zaakjaar 2016"
"vk-sd-0022","bron-sd-0022","ZAAK-2017-00022","Pgb jeugd ZAAK-2017-00022","ZTC","ZTC-SD-JG-002","Pgb jeugd","Jeugd","Pgb jeugd","Selectielijst gemeenten en intergemeentelijke organen 2017","2017","Sociaal domein jeugd - pgb","Afgehandeld","P15Y","VERNIETIGEN","2017-11-09","2018-12-08","2033-12-09","3","1","ZAAK","REL-SD-0022","SELECTED","ONVERANDERD","Testzaak sociaal domein; selectielijstjaar afgeleid uit zaakjaar 2017"
"vk-sd-0023","bron-sd-0023","ZAAK-2018-00023","Jeugdbescherming melding ZAAK-2018-00023","ZTC","ZTC-SD-JG-003","Jeugdbescherming melding","Jeugd","Jeugdbescherming melding","Selectielijst gemeenten en intergemeentelijke organen 2017","2017","Sociaal domein jeugd - jeugdbescherming","Afgesloten","P20Y","VERNIETIGEN","2018-06-20","2019-10-19","2039-10-20","8","3","ZAAK","REL-SD-0023","SELECTED","ONVERANDERD","Testzaak sociaal domein; selectielijstjaar afgeleid uit zaakjaar 2018"
"vk-sd-0024","bron-sd-0024","ZAAK-2019-00024","Leerlingenvervoer jeugd ZAAK-2019-00024","ZTC","ZTC-SD-JG-004","Leerlingenvervoer jeugd","Jeugd","Leerlingenvervoer jeugd","Selectielijst gemeenten en intergemeentelijke organen 2017","2017","Sociaal domein jeugd - leerlingenvervoer","Afgehandeld","P7Y","VERNIETIGEN","2019-01-05","2019-02-04","2026-02-05","4","1","ZAAK","REL-SD-0024","SELECTED","ONVERANDERD","Testzaak sociaal domein; selectielijstjaar afgeleid uit zaakjaar 2019"
"vk-sd-0025","bron-sd-0025","ZAAK-2020-00025","Aanvraag bijstandsuitkering ZAAK-2020-00025","ZTC","ZTC-SD-BZ-001","Aanvraag bijstandsuitkering","Bestaanszekerheid","Aanvraag bijstandsuitkering","Selectielijst gemeenten en intergemeentelijke organen 2020","2020","Sociaal domein bestaanszekerheid - uitkering","Afgehandeld","P7Y","VERNIETIGEN","2020-08-16","2020-12-15","2027-12-16","9","3","ZAAK","REL-SD-0025","SELECTED","ONVERANDERD","Testzaak sociaal domein; selectielijstjaar afgeleid uit zaakjaar 2020"
"vk-sd-0026","bron-sd-0026","ZAAK-2021-00026","Bijzondere bijstand ZAAK-2021-00026","ZTC","ZTC-SD-BZ-002","Bijzondere bijstand","Bestaanszekerheid","Bijzondere bijstand","Selectielijst gemeenten en intergemeentelijke organen 2020","2020","Sociaal domein bestaanszekerheid - bijzondere bijstand","Afgehandeld","P7Y","VERNIETIGEN","2021-03-01","2021-09-30","2028-10-01","5","1","ZAAK","REL-SD-0026","SELECTED","ONVERANDERD","Testzaak sociaal domein; selectielijstjaar afgeleid uit zaakjaar 2021"
"vk-sd-0027","bron-sd-0027","ZAAK-2022-00027","Minimaregeling ZAAK-2022-00027","ZTC","ZTC-SD-BZ-003","Minimaregeling","Bestaanszekerheid","Minimaregeling","Selectielijst gemeenten en intergemeentelijke organen 2020","2020","Sociaal domein bestaanszekerheid - minimabeleid","Afgehandeld","P5Y","VERNIETIGEN","2022-10-12","2023-08-11","2028-08-12","1","3","ZAAK","REL-SD-0027","SELECTED","ONVERANDERD","Testzaak sociaal domein; selectielijstjaar afgeleid uit zaakjaar 2022"
"vk-sd-0028","bron-sd-0028","ZAAK-2023-00028","Schuldhulpverlening ZAAK-2023-00028","ZTC","ZTC-SD-BZ-004","Schuldhulpverlening","Bestaanszekerheid","Schuldhulpverlening","Selectielijst gemeenten en intergemeentelijke organen 2020","2020","Sociaal domein bestaanszekerheid - schuldhulp","Beeindigd","P7Y","VERNIETIGEN","2023-05-23","2024-06-22","2031-06-23","6","1","ZAAK","REL-SD-0028","SELECTED","ONVERANDERD","Testzaak sociaal domein; selectielijstjaar afgeleid uit zaakjaar 2023"
"vk-sd-0029","bron-sd-0029","ZAAK-2024-00029","Wmo maatwerkvoorziening ZAAK-2024-00029","ZTC","ZTC-SD-WMO-001","Wmo maatwerkvoorziening","Wmo","Wmo maatwerkvoorziening","Selectielijst gemeenten en intergemeentelijke organen 2020","2020","Sociaal domein Wmo - maatwerkvoorziening","Afgehandeld","P7Y","VERNIETIGEN","2024-12-08","2025-12-31","2033-01-01","2","3","ZAAK","REL-SD-0029","SELECTED","ONVERANDERD","Testzaak sociaal domein; selectielijstjaar afgeleid uit zaakjaar 2024"
"vk-sd-0030","bron-sd-0030","ZAAK-2025-00030","Huishoudelijke ondersteuning ZAAK-2025-00030","ZTC","ZTC-SD-WMO-002","Huishoudelijke ondersteuning","Wmo","Huishoudelijke ondersteuning","Selectielijst gemeenten en intergemeentelijke organen 2020","2020","Sociaal domein Wmo - ondersteuning thuis","Afgehandeld","P7Y","VERNIETIGEN","2025-07-19","2025-08-18","2032-08-19","7","1","ZAAK","REL-SD-0030","SELECTED","ONVERANDERD","Testzaak sociaal domein; selectielijstjaar afgeleid uit zaakjaar 2025"
"vk-sd-0031","bron-sd-0031","ZAAK-1996-00031","Wmo vervoersvoorziening ZAAK-1996-00031","ZTC","ZTC-SD-WMO-003","Wmo vervoersvoorziening","Wmo","Wmo vervoersvoorziening","Selectielijst gemeenten en intergemeentelijke organen 2012","2012","Sociaal domein Wmo - vervoer","Afgehandeld","P7Y","VERNIETIGEN","1996-02-04","1996-06-03","2003-06-04","3","3","ZAAK","REL-SD-0031","SELECTED","ONVERANDERD","Testzaak sociaal domein; selectielijstjaar afgeleid uit zaakjaar 1996"
"vk-sd-0032","bron-sd-0032","ZAAK-1997-00032","Beschermd wonen ZAAK-1997-00032","ZTC","ZTC-SD-WMO-004","Beschermd wonen","Wmo","Beschermd wonen","Selectielijst gemeenten en intergemeentelijke organen 2012","2012","Sociaal domein Wmo - beschermd wonen","Beeindigd","P10Y","VERNIETIGEN","1997-09-15","1998-04-14","2008-04-15","8","1","ZAAK","REL-SD-0032","SELECTED","ONVERANDERD","Testzaak sociaal domein; selectielijstjaar afgeleid uit zaakjaar 1997"
"vk-sd-0033","bron-sd-0033","ZAAK-1998-00033","Jeugdhulpvoorziening ZAAK-1998-00033","ZTC","ZTC-SD-JG-001","Jeugdhulpvoorziening","Jeugd","Jeugdhulpvoorziening","Selectielijst gemeenten en intergemeentelijke organen 2012","2012","Sociaal domein jeugd - jeugdhulp","Afgehandeld","P15Y","VERNIETIGEN","1998-04-26","1999-02-25","2014-02-26","4","3","ZAAK","REL-SD-0033","SELECTED","ONVERANDERD","Testzaak sociaal domein; selectielijstjaar afgeleid uit zaakjaar 1998"
"vk-sd-0034","bron-sd-0034","ZAAK-1999-00034","Pgb jeugd ZAAK-1999-00034","ZTC","ZTC-SD-JG-002","Pgb jeugd","Jeugd","Pgb jeugd","Selectielijst gemeenten en intergemeentelijke organen 2012","2012","Sociaal domein jeugd - pgb","Afgehandeld","P15Y","VERNIETIGEN","1999-11-11","2000-12-10","2015-12-11","9","1","ZAAK","REL-SD-0034","SELECTED","ONVERANDERD","Testzaak sociaal domein; selectielijstjaar afgeleid uit zaakjaar 1999"
"vk-sd-0035","bron-sd-0035","ZAAK-2000-00035","Jeugdbescherming melding ZAAK-2000-00035","ZTC","ZTC-SD-JG-003","Jeugdbescherming melding","Jeugd","Jeugdbescherming melding","Selectielijst gemeenten en intergemeentelijke organen 2012","2012","Sociaal domein jeugd - jeugdbescherming","Afgesloten","P20Y","VERNIETIGEN","2000-06-22","2001-10-21","2021-10-22","5","3","ZAAK","REL-SD-0035","SELECTED","ONVERANDERD","Testzaak sociaal domein; selectielijstjaar afgeleid uit zaakjaar 2000"
"vk-sd-0036","bron-sd-0036","ZAAK-2001-00036","Leerlingenvervoer jeugd ZAAK-2001-00036","ZTC","ZTC-SD-JG-004","Leerlingenvervoer jeugd","Jeugd","Leerlingenvervoer jeugd","Selectielijst gemeenten en intergemeentelijke organen 2012","2012","Sociaal domein jeugd - leerlingenvervoer","Afgehandeld","P7Y","VERNIETIGEN","2001-01-07","2001-02-06","2008-02-07","1","1","ZAAK","REL-SD-0036","SELECTED","ONVERANDERD","Testzaak sociaal domein; selectielijstjaar afgeleid uit zaakjaar 2001"
"vk-sd-0037","bron-sd-0037","ZAAK-2002-00037","Aanvraag bijstandsuitkering ZAAK-2002-00037","ZTC","ZTC-SD-BZ-001","Aanvraag bijstandsuitkering","Bestaanszekerheid","Aanvraag bijstandsuitkering","Selectielijst gemeenten en intergemeentelijke organen 2012","2012","Sociaal domein bestaanszekerheid - uitkering","Afgehandeld","P7Y","VERNIETIGEN","2002-08-18","2002-12-17","2009-12-18","6","3","ZAAK","REL-SD-0037","SELECTED","ONVERANDERD","Testzaak sociaal domein; selectielijstjaar afgeleid uit zaakjaar 2002"
"vk-sd-0038","bron-sd-0038","ZAAK-2003-00038","Bijzondere bijstand ZAAK-2003-00038","ZTC","ZTC-SD-BZ-002","Bijzondere bijstand","Bestaanszekerheid","Bijzondere bijstand","Selectielijst gemeenten en intergemeentelijke organen 2012","2012","Sociaal domein bestaanszekerheid - bijzondere bijstand","Afgehandeld","P7Y","VERNIETIGEN","2003-03-03","2003-10-02","2010-10-03","2","1","ZAAK","REL-SD-0038","SELECTED","ONVERANDERD","Testzaak sociaal domein; selectielijstjaar afgeleid uit zaakjaar 2003"
"vk-sd-0039","bron-sd-0039","ZAAK-2004-00039","Minimaregeling ZAAK-2004-00039","ZTC","ZTC-SD-BZ-003","Minimaregeling","Bestaanszekerheid","Minimaregeling","Selectielijst gemeenten en intergemeentelijke organen 2012","2012","Sociaal domein bestaanszekerheid - minimabeleid","Afgehandeld","P5Y","VERNIETIGEN","2004-10-14","2005-08-13","2010-08-14","7","3","ZAAK","REL-SD-0039","SELECTED","ONVERANDERD","Testzaak sociaal domein; selectielijstjaar afgeleid uit zaakjaar 2004"
"vk-sd-0040","bron-sd-0040","ZAAK-2005-00040","Schuldhulpverlening ZAAK-2005-00040","ZTC","ZTC-SD-BZ-004","Schuldhulpverlening","Bestaanszekerheid","Schuldhulpverlening","Selectielijst gemeenten en intergemeentelijke organen 2012","2012","Sociaal domein bestaanszekerheid - schuldhulp","Beeindigd","P7Y","VERNIETIGEN","2005-05-25","2006-06-24","2013-06-25","3","1","ZAAK","REL-SD-0040","SELECTED","ONVERANDERD","Testzaak sociaal domein; selectielijstjaar afgeleid uit zaakjaar 2005"
"vk-sd-0041","bron-sd-0041","ZAAK-2006-00041","Wmo maatwerkvoorziening ZAAK-2006-00041","ZTC","ZTC-SD-WMO-001","Wmo maatwerkvoorziening","Wmo","Wmo maatwerkvoorziening","Selectielijst gemeenten en intergemeentelijke organen 2012","2012","Sociaal domein Wmo - maatwerkvoorziening","Afgehandeld","P7Y","VERNIETIGEN","2006-12-10","2008-04-09","2015-04-10","8","3","ZAAK","REL-SD-0041","SELECTED","ONVERANDERD","Testzaak sociaal domein; selectielijstjaar afgeleid uit zaakjaar 2006"
"vk-sd-0042","bron-sd-0042","ZAAK-2007-00042","Huishoudelijke ondersteuning ZAAK-2007-00042","ZTC","ZTC-SD-WMO-002","Huishoudelijke ondersteuning","Wmo","Huishoudelijke ondersteuning","Selectielijst gemeenten en intergemeentelijke organen 2012","2012","Sociaal domein Wmo - ondersteuning thuis","Afgehandeld","P7Y","VERNIETIGEN","2007-07-21","2007-08-20","2014-08-21","4","1","ZAAK","REL-SD-0042","SELECTED","ONVERANDERD","Testzaak sociaal domein; selectielijstjaar afgeleid uit zaakjaar 2007"
"vk-sd-0043","bron-sd-0043","ZAAK-2008-00043","Wmo vervoersvoorziening ZAAK-2008-00043","ZTC","ZTC-SD-WMO-003","Wmo vervoersvoorziening","Wmo","Wmo vervoersvoorziening","Selectielijst gemeenten en intergemeentelijke organen 2012","2012","Sociaal domein Wmo - vervoer","Afgehandeld","P7Y","VERNIETIGEN","2008-02-06","2008-06-05","2015-06-06","9","3","ZAAK","REL-SD-0043","SELECTED","ONVERANDERD","Testzaak sociaal domein; selectielijstjaar afgeleid uit zaakjaar 2008"
"vk-sd-0044","bron-sd-0044","ZAAK-2009-00044","Beschermd wonen ZAAK-2009-00044","ZTC","ZTC-SD-WMO-004","Beschermd wonen","Wmo","Beschermd wonen","Selectielijst gemeenten en intergemeentelijke organen 2012","2012","Sociaal domein Wmo - beschermd wonen","Beeindigd","P10Y","VERNIETIGEN","2009-09-17","2010-04-16","2020-04-17","5","1","ZAAK","REL-SD-0044","SELECTED","ONVERANDERD","Testzaak sociaal domein; selectielijstjaar afgeleid uit zaakjaar 2009"
"vk-sd-0045","bron-sd-0045","ZAAK-2010-00045","Jeugdhulpvoorziening ZAAK-2010-00045","ZTC","ZTC-SD-JG-001","Jeugdhulpvoorziening","Jeugd","Jeugdhulpvoorziening","Selectielijst gemeenten en intergemeentelijke organen 2012","2012","Sociaal domein jeugd - jeugdhulp","Afgehandeld","P15Y","VERNIETIGEN","2010-04-02","2011-02-01","2026-02-02","1","3","ZAAK","REL-SD-0045","SELECTED","ONVERANDERD","Testzaak sociaal domein; selectielijstjaar afgeleid uit zaakjaar 2010"
"vk-sd-0046","bron-sd-0046","ZAAK-2011-00046","Pgb jeugd ZAAK-2011-00046","ZTC","ZTC-SD-JG-002","Pgb jeugd","Jeugd","Pgb jeugd","Selectielijst gemeenten en intergemeentelijke organen 2012","2012","Sociaal domein jeugd - pgb","Afgehandeld","P15Y","VERNIETIGEN","2011-11-13","2012-12-12","2027-12-13","6","1","ZAAK","REL-SD-0046","SELECTED","ONVERANDERD","Testzaak sociaal domein; selectielijstjaar afgeleid uit zaakjaar 2011"
"vk-sd-0047","bron-sd-0047","ZAAK-2012-00047","Jeugdbescherming melding ZAAK-2012-00047","ZTC","ZTC-SD-JG-003","Jeugdbescherming melding","Jeugd","Jeugdbescherming melding","Selectielijst gemeenten en intergemeentelijke organen 2012","2012","Sociaal domein jeugd - jeugdbescherming","Afgesloten","P20Y","VERNIETIGEN","2012-06-24","2013-10-23","2033-10-24","2","3","ZAAK","REL-SD-0047","SELECTED","ONVERANDERD","Testzaak sociaal domein; selectielijstjaar afgeleid uit zaakjaar 2012"
"vk-sd-0048","bron-sd-0048","ZAAK-2013-00048","Leerlingenvervoer jeugd ZAAK-2013-00048","ZTC","ZTC-SD-JG-004","Leerlingenvervoer jeugd","Jeugd","Leerlingenvervoer jeugd","Selectielijst gemeenten en intergemeentelijke organen 2012","2012","Sociaal domein jeugd - leerlingenvervoer","Afgehandeld","P7Y","VERNIETIGEN","2013-01-09","2013-02-08","2020-02-09","7","1","ZAAK","REL-SD-0048","SELECTED","ONVERANDERD","Testzaak sociaal domein; selectielijstjaar afgeleid uit zaakjaar 2013"
"vk-sd-0049","bron-sd-0049","ZAAK-2014-00049","Aanvraag bijstandsuitkering ZAAK-2014-00049","ZTC","ZTC-SD-BZ-001","Aanvraag bijstandsuitkering","Bestaanszekerheid","Aanvraag bijstandsuitkering","Selectielijst gemeenten en intergemeentelijke organen 2012","2012","Sociaal domein bestaanszekerheid - uitkering","Afgehandeld","P7Y","VERNIETIGEN","2014-08-20","2014-12-19","2021-12-20","3","3","ZAAK","REL-SD-0049","SELECTED","ONVERANDERD","Testzaak sociaal domein; selectielijstjaar afgeleid uit zaakjaar 2014"
"vk-sd-0050","bron-sd-0050","ZAAK-2015-00050","Bijzondere bijstand ZAAK-2015-00050","ZTC","ZTC-SD-BZ-002","Bijzondere bijstand","Bestaanszekerheid","Bijzondere bijstand","Selectielijst gemeenten en intergemeentelijke organen 2012","2012","Sociaal domein bestaanszekerheid - bijzondere bijstand","Afgehandeld","P7Y","VERNIETIGEN","2015-03-05","2015-10-04","2022-10-05","8","1","ZAAK","REL-SD-0050","SELECTED","ONVERANDERD","Testzaak sociaal domein; selectielijstjaar afgeleid uit zaakjaar 2015"
"vk-sd-0051","bron-sd-0051","ZAAK-2016-00051","Minimaregeling ZAAK-2016-00051","ZTC","ZTC-SD-BZ-003","Minimaregeling","Bestaanszekerheid","Minimaregeling","Selectielijst gemeenten en intergemeentelijke organen 2012","2012","Sociaal domein bestaanszekerheid - minimabeleid","Afgehandeld","P5Y","VERNIETIGEN","2016-10-16","2017-08-15","2022-08-16","4","3","ZAAK","REL-SD-0051","SELECTED","ONVERANDERD","Testzaak sociaal domein; selectielijstjaar afgeleid uit zaakjaar 2016"
"vk-sd-0052","bron-sd-0052","ZAAK-2017-00052","Schuldhulpverlening ZAAK-2017-00052","ZTC","ZTC-SD-BZ-004","Schuldhulpverlening","Bestaanszekerheid","Schuldhulpverlening","Selectielijst gemeenten en intergemeentelijke organen 2017","2017","Sociaal domein bestaanszekerheid - schuldhulp","Beeindigd","P7Y","VERNIETIGEN","2017-05-01","2018-05-31","2025-06-01","9","1","ZAAK","REL-SD-0052","SELECTED","ONVERANDERD","Testzaak sociaal domein; selectielijstjaar afgeleid uit zaakjaar 2017"
"vk-sd-0053","bron-sd-0053","ZAAK-2018-00053","Wmo maatwerkvoorziening ZAAK-2018-00053","ZTC","ZTC-SD-WMO-001","Wmo maatwerkvoorziening","Wmo","Wmo maatwerkvoorziening","Selectielijst gemeenten en intergemeentelijke organen 2017","2017","Sociaal domein Wmo - maatwerkvoorziening","Afgehandeld","P7Y","VERNIETIGEN","2018-12-12","2020-04-11","2027-04-12","5","3","ZAAK","REL-SD-0053","SELECTED","ONVERANDERD","Testzaak sociaal domein; selectielijstjaar afgeleid uit zaakjaar 2018"
"vk-sd-0054","bron-sd-0054","ZAAK-2019-00054","Huishoudelijke ondersteuning ZAAK-2019-00054","ZTC","ZTC-SD-WMO-002","Huishoudelijke ondersteuning","Wmo","Huishoudelijke ondersteuning","Selectielijst gemeenten en intergemeentelijke organen 2017","2017","Sociaal domein Wmo - ondersteuning thuis","Afgehandeld","P7Y","VERNIETIGEN","2019-07-23","2019-08-22","2026-08-23","1","1","ZAAK","REL-SD-0054","SELECTED","ONVERANDERD","Testzaak sociaal domein; selectielijstjaar afgeleid uit zaakjaar 2019"
"vk-sd-0055","bron-sd-0055","ZAAK-2020-00055","Wmo vervoersvoorziening ZAAK-2020-00055","ZTC","ZTC-SD-WMO-003","Wmo vervoersvoorziening","Wmo","Wmo vervoersvoorziening","Selectielijst gemeenten en intergemeentelijke organen 2020","2020","Sociaal domein Wmo - vervoer","Afgehandeld","P7Y","VERNIETIGEN","2020-02-08","2020-06-07","2027-06-08","6","3","ZAAK","REL-SD-0055","SELECTED","ONVERANDERD","Testzaak sociaal domein; selectielijstjaar afgeleid uit zaakjaar 2020"
"vk-sd-0056","bron-sd-0056","ZAAK-2021-00056","Beschermd wonen ZAAK-2021-00056","ZTC","ZTC-SD-WMO-004","Beschermd wonen","Wmo","Beschermd wonen","Selectielijst gemeenten en intergemeentelijke organen 2020","2020","Sociaal domein Wmo - beschermd wonen","Beeindigd","P10Y","VERNIETIGEN","2021-09-19","2022-04-18","2032-04-19","2","1","ZAAK","REL-SD-0056","SELECTED","ONVERANDERD","Testzaak sociaal domein; selectielijstjaar afgeleid uit zaakjaar 2021"
"vk-sd-0057","bron-sd-0057","ZAAK-2022-00057","Jeugdhulpvoorziening ZAAK-2022-00057","ZTC","ZTC-SD-JG-001","Jeugdhulpvoorziening","Jeugd","Jeugdhulpvoorziening","Selectielijst gemeenten en intergemeentelijke organen 2020","2020","Sociaal domein jeugd - jeugdhulp","Afgehandeld","P15Y","VERNIETIGEN","2022-04-04","2023-02-03","2038-02-04","7","3","ZAAK","REL-SD-0057","SELECTED","ONVERANDERD","Testzaak sociaal domein; selectielijstjaar afgeleid uit zaakjaar 2022"
"vk-sd-0058","bron-sd-0058","ZAAK-2023-00058","Pgb jeugd ZAAK-2023-00058","ZTC","ZTC-SD-JG-002","Pgb jeugd","Jeugd","Pgb jeugd","Selectielijst gemeenten en intergemeentelijke organen 2020","2020","Sociaal domein jeugd - pgb","Afgehandeld","P15Y","VERNIETIGEN","2023-11-15","2024-12-14","2039-12-15","3","1","ZAAK","REL-SD-0058","SELECTED","ONVERANDERD","Testzaak sociaal domein; selectielijstjaar afgeleid uit zaakjaar 2023"
"vk-sd-0059","bron-sd-0059","ZAAK-2024-00059","Jeugdbescherming melding ZAAK-2024-00059","ZTC","ZTC-SD-JG-003","Jeugdbescherming melding","Jeugd","Jeugdbescherming melding","Selectielijst gemeenten en intergemeentelijke organen 2020","2020","Sociaal domein jeugd - jeugdbescherming","Afgesloten","P20Y","VERNIETIGEN","2024-06-26","2025-10-25","2045-10-26","8","3","ZAAK","REL-SD-0059","SELECTED","ONVERANDERD","Testzaak sociaal domein; selectielijstjaar afgeleid uit zaakjaar 2024"
"vk-sd-0060","bron-sd-0060","ZAAK-2025-00060","Leerlingenvervoer jeugd ZAAK-2025-00060","ZTC","ZTC-SD-JG-004","Leerlingenvervoer jeugd","Jeugd","Leerlingenvervoer jeugd","Selectielijst gemeenten en intergemeentelijke organen 2020","2020","Sociaal domein jeugd - leerlingenvervoer","Afgehandeld","P7Y","VERNIETIGEN","2025-01-11","2025-02-10","2032-02-11","4","1","ZAAK","REL-SD-0060","SELECTED","ONVERANDERD","Testzaak sociaal domein; selectielijstjaar afgeleid uit zaakjaar 2025"
"vk-sd-0061","bron-sd-0061","ZAAK-1996-00061","Aanvraag bijstandsuitkering ZAAK-1996-00061","ZTC","ZTC-SD-BZ-001","Aanvraag bijstandsuitkering","Bestaanszekerheid","Aanvraag bijstandsuitkering","Selectielijst gemeenten en intergemeentelijke organen 2012","2012","Sociaal domein bestaanszekerheid - uitkering","Afgehandeld","P7Y","VERNIETIGEN","1996-08-22","1996-12-21","2003-12-22","9","3","ZAAK","REL-SD-0061","SELECTED","ONVERANDERD","Testzaak sociaal domein; selectielijstjaar afgeleid uit zaakjaar 1996"
"vk-sd-0062","bron-sd-0062","ZAAK-1997-00062","Bijzondere bijstand ZAAK-1997-00062","ZTC","ZTC-SD-BZ-002","Bijzondere bijstand","Bestaanszekerheid","Bijzondere bijstand","Selectielijst gemeenten en intergemeentelijke organen 2012","2012","Sociaal domein bestaanszekerheid - bijzondere bijstand","Afgehandeld","P7Y","VERNIETIGEN","1997-03-07","1997-10-06","2004-10-07","5","1","ZAAK","REL-SD-0062","SELECTED","ONVERANDERD","Testzaak sociaal domein; selectielijstjaar afgeleid uit zaakjaar 1997"
"vk-sd-0063","bron-sd-0063","ZAAK-1998-00063","Minimaregeling ZAAK-1998-00063","ZTC","ZTC-SD-BZ-003","Minimaregeling","Bestaanszekerheid","Minimaregeling","Selectielijst gemeenten en intergemeentelijke organen 2012","2012","Sociaal domein bestaanszekerheid - minimabeleid","Afgehandeld","P5Y","VERNIETIGEN","1998-10-18","1999-08-17","2004-08-18","1","3","ZAAK","REL-SD-0063","SELECTED","ONVERANDERD","Testzaak sociaal domein; selectielijstjaar afgeleid uit zaakjaar 1998"
"vk-sd-0064","bron-sd-0064","ZAAK-1999-00064","Schuldhulpverlening ZAAK-1999-00064","ZTC","ZTC-SD-BZ-004","Schuldhulpverlening","Bestaanszekerheid","Schuldhulpverlening","Selectielijst gemeenten en intergemeentelijke organen 2012","2012","Sociaal domein bestaanszekerheid - schuldhulp","Beeindigd","P7Y","VERNIETIGEN","1999-05-03","2000-06-02","2007-06-03","6","1","ZAAK","REL-SD-0064","SELECTED","ONVERANDERD","Testzaak sociaal domein; selectielijstjaar afgeleid uit zaakjaar 1999"
"vk-sd-0065","bron-sd-0065","ZAAK-2000-00065","Wmo maatwerkvoorziening ZAAK-2000-00065","ZTC","ZTC-SD-WMO-001","Wmo maatwerkvoorziening","Wmo","Wmo maatwerkvoorziening","Selectielijst gemeenten en intergemeentelijke organen 2012","2012","Sociaal domein Wmo - maatwerkvoorziening","Afgehandeld","P7Y","VERNIETIGEN","2000-12-14","2002-04-13","2009-04-14","2","3","ZAAK","REL-SD-0065","SELECTED","ONVERANDERD","Testzaak sociaal domein; selectielijstjaar afgeleid uit zaakjaar 2000"
"vk-sd-0066","bron-sd-0066","ZAAK-2001-00066","Huishoudelijke ondersteuning ZAAK-2001-00066","ZTC","ZTC-SD-WMO-002","Huishoudelijke ondersteuning","Wmo","Huishoudelijke ondersteuning","Selectielijst gemeenten en intergemeentelijke organen 2012","2012","Sociaal domein Wmo - ondersteuning thuis","Afgehandeld","P7Y","VERNIETIGEN","2001-07-25","2001-08-24","2008-08-25","7","1","ZAAK","REL-SD-0066","SELECTED","ONVERANDERD","Testzaak sociaal domein; selectielijstjaar afgeleid uit zaakjaar 2001"
"vk-sd-0067","bron-sd-0067","ZAAK-2002-00067","Wmo vervoersvoorziening ZAAK-2002-00067","ZTC","ZTC-SD-WMO-003","Wmo vervoersvoorziening","Wmo","Wmo vervoersvoorziening","Selectielijst gemeenten en intergemeentelijke organen 2012","2012","Sociaal domein Wmo - vervoer","Afgehandeld","P7Y","VERNIETIGEN","2002-02-10","2002-06-09","2009-06-10","3","3","ZAAK","REL-SD-0067","SELECTED","ONVERANDERD","Testzaak sociaal domein; selectielijstjaar afgeleid uit zaakjaar 2002"
"vk-sd-0068","bron-sd-0068","ZAAK-2003-00068","Beschermd wonen ZAAK-2003-00068","ZTC","ZTC-SD-WMO-004","Beschermd wonen","Wmo","Beschermd wonen","Selectielijst gemeenten en intergemeentelijke organen 2012","2012","Sociaal domein Wmo - beschermd wonen","Beeindigd","P10Y","VERNIETIGEN","2003-09-21","2004-04-20","2014-04-21","8","1","ZAAK","REL-SD-0068","SELECTED","ONVERANDERD","Testzaak sociaal domein; selectielijstjaar afgeleid uit zaakjaar 2003"
"vk-sd-0069","bron-sd-0069","ZAAK-2004-00069","Jeugdhulpvoorziening ZAAK-2004-00069","ZTC","ZTC-SD-JG-001","Jeugdhulpvoorziening","Jeugd","Jeugdhulpvoorziening","Selectielijst gemeenten en intergemeentelijke organen 2012","2012","Sociaal domein jeugd - jeugdhulp","Afgehandeld","P15Y","VERNIETIGEN","2004-04-06","2005-02-05","2020-02-06","4","3","ZAAK","REL-SD-0069","SELECTED","ONVERANDERD","Testzaak sociaal domein; selectielijstjaar afgeleid uit zaakjaar 2004"
"vk-sd-0070","bron-sd-0070","ZAAK-2005-00070","Pgb jeugd ZAAK-2005-00070","ZTC","ZTC-SD-JG-002","Pgb jeugd","Jeugd","Pgb jeugd","Selectielijst gemeenten en intergemeentelijke organen 2012","2012","Sociaal domein jeugd - pgb","Afgehandeld","P15Y","VERNIETIGEN","2005-11-17","2006-12-16","2021-12-17","9","1","ZAAK","REL-SD-0070","SELECTED","ONVERANDERD","Testzaak sociaal domein; selectielijstjaar afgeleid uit zaakjaar 2005"
"vk-sd-0071","bron-sd-0071","ZAAK-2006-00071","Jeugdbescherming melding ZAAK-2006-00071","ZTC","ZTC-SD-JG-003","Jeugdbescherming melding","Jeugd","Jeugdbescherming melding","Selectielijst gemeenten en intergemeentelijke organen 2012","2012","Sociaal domein jeugd - jeugdbescherming","Afgesloten","P20Y","VERNIETIGEN","2006-06-02","2007-10-01","2027-10-02","5","3","ZAAK","REL-SD-0071","SELECTED","ONVERANDERD","Testzaak sociaal domein; selectielijstjaar afgeleid uit zaakjaar 2006"
"vk-sd-0072","bron-sd-0072","ZAAK-2007-00072","Leerlingenvervoer jeugd ZAAK-2007-00072","ZTC","ZTC-SD-JG-004","Leerlingenvervoer jeugd","Jeugd","Leerlingenvervoer jeugd","Selectielijst gemeenten en intergemeentelijke organen 2012","2012","Sociaal domein jeugd - leerlingenvervoer","Afgehandeld","P7Y","VERNIETIGEN","2007-01-13","2007-02-12","2014-02-13","1","1","ZAAK","REL-SD-0072","SELECTED","ONVERANDERD","Testzaak sociaal domein; selectielijstjaar afgeleid uit zaakjaar 2007"
"vk-sd-0073","bron-sd-0073","ZAAK-2008-00073","Aanvraag bijstandsuitkering ZAAK-2008-00073","ZTC","ZTC-SD-BZ-001","Aanvraag bijstandsuitkering","Bestaanszekerheid","Aanvraag bijstandsuitkering","Selectielijst gemeenten en intergemeentelijke organen 2012","2012","Sociaal domein bestaanszekerheid - uitkering","Afgehandeld","P7Y","VERNIETIGEN","2008-08-24","2008-12-23","2015-12-24","6","3","ZAAK","REL-SD-0073","SELECTED","ONVERANDERD","Testzaak sociaal domein; selectielijstjaar afgeleid uit zaakjaar 2008"
"vk-sd-0074","bron-sd-0074","ZAAK-2009-00074","Bijzondere bijstand ZAAK-2009-00074","ZTC","ZTC-SD-BZ-002","Bijzondere bijstand","Bestaanszekerheid","Bijzondere bijstand","Selectielijst gemeenten en intergemeentelijke organen 2012","2012","Sociaal domein bestaanszekerheid - bijzondere bijstand","Afgehandeld","P7Y","VERNIETIGEN","2009-03-09","2009-10-08","2016-10-09","2","1","ZAAK","REL-SD-0074","SELECTED","ONVERANDERD","Testzaak sociaal domein; selectielijstjaar afgeleid uit zaakjaar 2009"
"vk-sd-0075","bron-sd-0075","ZAAK-2010-00075","Minimaregeling ZAAK-2010-00075","ZTC","ZTC-SD-BZ-003","Minimaregeling","Bestaanszekerheid","Minimaregeling","Selectielijst gemeenten en intergemeentelijke organen 2012","2012","Sociaal domein bestaanszekerheid - minimabeleid","Afgehandeld","P5Y","VERNIETIGEN","2010-10-20","2011-08-19","2016-08-20","7","3","ZAAK","REL-SD-0075","SELECTED","ONVERANDERD","Testzaak sociaal domein; selectielijstjaar afgeleid uit zaakjaar 2010"
"vk-sd-0076","bron-sd-0076","ZAAK-2011-00076","Schuldhulpverlening ZAAK-2011-00076","ZTC","ZTC-SD-BZ-004","Schuldhulpverlening","Bestaanszekerheid","Schuldhulpverlening","Selectielijst gemeenten en intergemeentelijke organen 2012","2012","Sociaal domein bestaanszekerheid - schuldhulp","Beeindigd","P7Y","VERNIETIGEN","2011-05-05","2012-06-04","2019-06-05","3","1","ZAAK","REL-SD-0076","SELECTED","ONVERANDERD","Testzaak sociaal domein; selectielijstjaar afgeleid uit zaakjaar 2011"
"vk-sd-0077","bron-sd-0077","ZAAK-2012-00077","Wmo maatwerkvoorziening ZAAK-2012-00077","ZTC","ZTC-SD-WMO-001","Wmo maatwerkvoorziening","Wmo","Wmo maatwerkvoorziening","Selectielijst gemeenten en intergemeentelijke organen 2012","2012","Sociaal domein Wmo - maatwerkvoorziening","Afgehandeld","P7Y","VERNIETIGEN","2012-12-16","2014-04-15","2021-04-16","8","3","ZAAK","REL-SD-0077","SELECTED","ONVERANDERD","Testzaak sociaal domein; selectielijstjaar afgeleid uit zaakjaar 2012"
"vk-sd-0078","bron-sd-0078","ZAAK-2013-00078","Huishoudelijke ondersteuning ZAAK-2013-00078","ZTC","ZTC-SD-WMO-002","Huishoudelijke ondersteuning","Wmo","Huishoudelijke ondersteuning","Selectielijst gemeenten en intergemeentelijke organen 2012","2012","Sociaal domein Wmo - ondersteuning thuis","Afgehandeld","P7Y","VERNIETIGEN","2013-07-01","2013-07-31","2020-08-01","4","1","ZAAK","REL-SD-0078","SELECTED","ONVERANDERD","Testzaak sociaal domein; selectielijstjaar afgeleid uit zaakjaar 2013"
"vk-sd-0079","bron-sd-0079","ZAAK-2014-00079","Wmo vervoersvoorziening ZAAK-2014-00079","ZTC","ZTC-SD-WMO-003","Wmo vervoersvoorziening","Wmo","Wmo vervoersvoorziening","Selectielijst gemeenten en intergemeentelijke organen 2012","2012","Sociaal domein Wmo - vervoer","Afgehandeld","P7Y","VERNIETIGEN","2014-02-12","2014-06-11","2021-06-12","9","3","ZAAK","REL-SD-0079","SELECTED","ONVERANDERD","Testzaak sociaal domein; selectielijstjaar afgeleid uit zaakjaar 2014"
"vk-sd-0080","bron-sd-0080","ZAAK-2015-00080","Beschermd wonen ZAAK-2015-00080","ZTC","ZTC-SD-WMO-004","Beschermd wonen","Wmo","Beschermd wonen","Selectielijst gemeenten en intergemeentelijke organen 2012","2012","Sociaal domein Wmo - beschermd wonen","Beeindigd","P10Y","VERNIETIGEN","2015-09-23","2016-04-22","2026-04-23","5","1","ZAAK","REL-SD-0080","SELECTED","ONVERANDERD","Testzaak sociaal domein; selectielijstjaar afgeleid uit zaakjaar 2015"
"vk-sd-0081","bron-sd-0081","ZAAK-2016-00081","Jeugdhulpvoorziening ZAAK-2016-00081","ZTC","ZTC-SD-JG-001","Jeugdhulpvoorziening","Jeugd","Jeugdhulpvoorziening","Selectielijst gemeenten en intergemeentelijke organen 2012","2012","Sociaal domein jeugd - jeugdhulp","Afgehandeld","P15Y","VERNIETIGEN","2016-04-08","2017-02-07","2032-02-08","1","3","ZAAK","REL-SD-0081","SELECTED","ONVERANDERD","Testzaak sociaal domein; selectielijstjaar afgeleid uit zaakjaar 2016"
"vk-sd-0082","bron-sd-0082","ZAAK-2017-00082","Pgb jeugd ZAAK-2017-00082","ZTC","ZTC-SD-JG-002","Pgb jeugd","Jeugd","Pgb jeugd","Selectielijst gemeenten en intergemeentelijke organen 2017","2017","Sociaal domein jeugd - pgb","Afgehandeld","P15Y","VERNIETIGEN","2017-11-19","2018-12-18","2033-12-19","6","1","ZAAK","REL-SD-0082","SELECTED","ONVERANDERD","Testzaak sociaal domein; selectielijstjaar afgeleid uit zaakjaar 2017"
"vk-sd-0083","bron-sd-0083","ZAAK-2018-00083","Jeugdbescherming melding ZAAK-2018-00083","ZTC","ZTC-SD-JG-003","Jeugdbescherming melding","Jeugd","Jeugdbescherming melding","Selectielijst gemeenten en intergemeentelijke organen 2017","2017","Sociaal domein jeugd - jeugdbescherming","Afgesloten","P20Y","VERNIETIGEN","2018-06-04","2019-10-03","2039-10-04","2","3","ZAAK","REL-SD-0083","SELECTED","ONVERANDERD","Testzaak sociaal domein; selectielijstjaar afgeleid uit zaakjaar 2018"
"vk-sd-0084","bron-sd-0084","ZAAK-2019-00084","Leerlingenvervoer jeugd ZAAK-2019-00084","ZTC","ZTC-SD-JG-004","Leerlingenvervoer jeugd","Jeugd","Leerlingenvervoer jeugd","Selectielijst gemeenten en intergemeentelijke organen 2017","2017","Sociaal domein jeugd - leerlingenvervoer","Afgehandeld","P7Y","VERNIETIGEN","2019-01-15","2019-02-14","2026-02-15","7","1","ZAAK","REL-SD-0084","SELECTED","ONVERANDERD","Testzaak sociaal domein; selectielijstjaar afgeleid uit zaakjaar 2019"
"vk-sd-0085","bron-sd-0085","ZAAK-2020-00085","Aanvraag bijstandsuitkering ZAAK-2020-00085","ZTC","ZTC-SD-BZ-001","Aanvraag bijstandsuitkering","Bestaanszekerheid","Aanvraag bijstandsuitkering","Selectielijst gemeenten en intergemeentelijke organen 2020","2020","Sociaal domein bestaanszekerheid - uitkering","Afgehandeld","P7Y","VERNIETIGEN","2020-08-26","2020-12-25","2027-12-26","3","3","ZAAK","REL-SD-0085","SELECTED","ONVERANDERD","Testzaak sociaal domein; selectielijstjaar afgeleid uit zaakjaar 2020"
"vk-sd-0086","bron-sd-0086","ZAAK-2021-00086","Bijzondere bijstand ZAAK-2021-00086","ZTC","ZTC-SD-BZ-002","Bijzondere bijstand","Bestaanszekerheid","Bijzondere bijstand","Selectielijst gemeenten en intergemeentelijke organen 2020","2020","Sociaal domein bestaanszekerheid - bijzondere bijstand","Afgehandeld","P7Y","VERNIETIGEN","2021-03-11","2021-10-10","2028-10-11","8","1","ZAAK","REL-SD-0086","SELECTED","ONVERANDERD","Testzaak sociaal domein; selectielijstjaar afgeleid uit zaakjaar 2021"
"vk-sd-0087","bron-sd-0087","ZAAK-2022-00087","Minimaregeling ZAAK-2022-00087","ZTC","ZTC-SD-BZ-003","Minimaregeling","Bestaanszekerheid","Minimaregeling","Selectielijst gemeenten en intergemeentelijke organen 2020","2020","Sociaal domein bestaanszekerheid - minimabeleid","Afgehandeld","P5Y","VERNIETIGEN","2022-10-22","2023-08-21","2028-08-22","4","3","ZAAK","REL-SD-0087","SELECTED","ONVERANDERD","Testzaak sociaal domein; selectielijstjaar afgeleid uit zaakjaar 2022"
"vk-sd-0088","bron-sd-0088","ZAAK-2023-00088","Schuldhulpverlening ZAAK-2023-00088","ZTC","ZTC-SD-BZ-004","Schuldhulpverlening","Bestaanszekerheid","Schuldhulpverlening","Selectielijst gemeenten en intergemeentelijke organen 2020","2020","Sociaal domein bestaanszekerheid - schuldhulp","Beeindigd","P7Y","VERNIETIGEN","2023-05-07","2024-06-06","2031-06-07","9","1","ZAAK","REL-SD-0088","SELECTED","ONVERANDERD","Testzaak sociaal domein; selectielijstjaar afgeleid uit zaakjaar 2023"
"vk-sd-0089","bron-sd-0089","ZAAK-2024-00089","Wmo maatwerkvoorziening ZAAK-2024-00089","ZTC","ZTC-SD-WMO-001","Wmo maatwerkvoorziening","Wmo","Wmo maatwerkvoorziening","Selectielijst gemeenten en intergemeentelijke organen 2020","2020","Sociaal domein Wmo - maatwerkvoorziening","Afgehandeld","P7Y","VERNIETIGEN","2024-12-18","2025-12-31","2033-01-01","5","3","ZAAK","REL-SD-0089","SELECTED","ONVERANDERD","Testzaak sociaal domein; selectielijstjaar afgeleid uit zaakjaar 2024"
"vk-sd-0090","bron-sd-0090","ZAAK-2025-00090","Huishoudelijke ondersteuning ZAAK-2025-00090","ZTC","ZTC-SD-WMO-002","Huishoudelijke ondersteuning","Wmo","Huishoudelijke ondersteuning","Selectielijst gemeenten en intergemeentelijke organen 2020","2020","Sociaal domein Wmo - ondersteuning thuis","Afgehandeld","P7Y","VERNIETIGEN","2025-07-03","2025-08-02","2032-08-03","1","1","ZAAK","REL-SD-0090","SELECTED","ONVERANDERD","Testzaak sociaal domein; selectielijstjaar afgeleid uit zaakjaar 2025"
"vk-sd-0091","bron-sd-0091","ZAAK-1996-00091","Wmo vervoersvoorziening ZAAK-1996-00091","ZTC","ZTC-SD-WMO-003","Wmo vervoersvoorziening","Wmo","Wmo vervoersvoorziening","Selectielijst gemeenten en intergemeentelijke organen 2012","2012","Sociaal domein Wmo - vervoer","Afgehandeld","P7Y","VERNIETIGEN","1996-02-14","1996-06-13","2003-06-14","6","3","ZAAK","REL-SD-0091","SELECTED","ONVERANDERD","Testzaak sociaal domein; selectielijstjaar afgeleid uit zaakjaar 1996"
"vk-sd-0092","bron-sd-0092","ZAAK-1997-00092","Beschermd wonen ZAAK-1997-00092","ZTC","ZTC-SD-WMO-004","Beschermd wonen","Wmo","Beschermd wonen","Selectielijst gemeenten en intergemeentelijke organen 2012","2012","Sociaal domein Wmo - beschermd wonen","Beeindigd","P10Y","VERNIETIGEN","1997-09-25","1998-04-24","2008-04-25","2","1","ZAAK","REL-SD-0092","SELECTED","ONVERANDERD","Testzaak sociaal domein; selectielijstjaar afgeleid uit zaakjaar 1997"
"vk-sd-0093","bron-sd-0093","ZAAK-1998-00093","Jeugdhulpvoorziening ZAAK-1998-00093","ZTC","ZTC-SD-JG-001","Jeugdhulpvoorziening","Jeugd","Jeugdhulpvoorziening","Selectielijst gemeenten en intergemeentelijke organen 2012","2012","Sociaal domein jeugd - jeugdhulp","Afgehandeld","P15Y","VERNIETIGEN","1998-04-10","1999-02-09","2014-02-10","7","3","ZAAK","REL-SD-0093","SELECTED","ONVERANDERD","Testzaak sociaal domein; selectielijstjaar afgeleid uit zaakjaar 1998"
"vk-sd-0094","bron-sd-0094","ZAAK-1999-00094","Pgb jeugd ZAAK-1999-00094","ZTC","ZTC-SD-JG-002","Pgb jeugd","Jeugd","Pgb jeugd","Selectielijst gemeenten en intergemeentelijke organen 2012","2012","Sociaal domein jeugd - pgb","Afgehandeld","P15Y","VERNIETIGEN","1999-11-21","2000-12-20","2015-12-21","3","1","ZAAK","REL-SD-0094","SELECTED","ONVERANDERD","Testzaak sociaal domein; selectielijstjaar afgeleid uit zaakjaar 1999"
"vk-sd-0095","bron-sd-0095","ZAAK-2000-00095","Jeugdbescherming melding ZAAK-2000-00095","ZTC","ZTC-SD-JG-003","Jeugdbescherming melding","Jeugd","Jeugdbescherming melding","Selectielijst gemeenten en intergemeentelijke organen 2012","2012","Sociaal domein jeugd - jeugdbescherming","Afgesloten","P20Y","VERNIETIGEN","2000-06-06","2001-10-05","2021-10-06","8","3","ZAAK","REL-SD-0095","SELECTED","ONVERANDERD","Testzaak sociaal domein; selectielijstjaar afgeleid uit zaakjaar 2000"
"vk-sd-0096","bron-sd-0096","ZAAK-2001-00096","Leerlingenvervoer jeugd ZAAK-2001-00096","ZTC","ZTC-SD-JG-004","Leerlingenvervoer jeugd","Jeugd","Leerlingenvervoer jeugd","Selectielijst gemeenten en intergemeentelijke organen 2012","2012","Sociaal domein jeugd - leerlingenvervoer","Afgehandeld","P7Y","VERNIETIGEN","2001-01-17","2001-02-16","2008-02-17","4","1","ZAAK","REL-SD-0096","SELECTED","ONVERANDERD","Testzaak sociaal domein; selectielijstjaar afgeleid uit zaakjaar 2001"
"vk-sd-0097","bron-sd-0097","ZAAK-2002-00097","Aanvraag bijstandsuitkering ZAAK-2002-00097","ZTC","ZTC-SD-BZ-001","Aanvraag bijstandsuitkering","Bestaanszekerheid","Aanvraag bijstandsuitkering","Selectielijst gemeenten en intergemeentelijke organen 2012","2012","Sociaal domein bestaanszekerheid - uitkering","Afgehandeld","P7Y","VERNIETIGEN","2002-08-02","2002-12-01","2009-12-02","9","3","ZAAK","REL-SD-0097","SELECTED","ONVERANDERD","Testzaak sociaal domein; selectielijstjaar afgeleid uit zaakjaar 2002"
"vk-sd-0098","bron-sd-0098","ZAAK-2003-00098","Bijzondere bijstand ZAAK-2003-00098","ZTC","ZTC-SD-BZ-002","Bijzondere bijstand","Bestaanszekerheid","Bijzondere bijstand","Selectielijst gemeenten en intergemeentelijke organen 2012","2012","Sociaal domein bestaanszekerheid - bijzondere bijstand","Afgehandeld","P7Y","VERNIETIGEN","2003-03-13","2003-10-12","2010-10-13","5","1","ZAAK","REL-SD-0098","SELECTED","ONVERANDERD","Testzaak sociaal domein; selectielijstjaar afgeleid uit zaakjaar 2003"
"vk-sd-0099","bron-sd-0099","ZAAK-2004-00099","Minimaregeling ZAAK-2004-00099","ZTC","ZTC-SD-BZ-003","Minimaregeling","Bestaanszekerheid","Minimaregeling","Selectielijst gemeenten en intergemeentelijke organen 2012","2012","Sociaal domein bestaanszekerheid - minimabeleid","Afgehandeld","P5Y","VERNIETIGEN","2004-10-24","2005-08-23","2010-08-24","1","3","ZAAK","REL-SD-0099","SELECTED","ONVERANDERD","Testzaak sociaal domein; selectielijstjaar afgeleid uit zaakjaar 2004"
"vk-sd-0100","bron-sd-0100","ZAAK-2005-00100","Schuldhulpverlening ZAAK-2005-00100","ZTC","ZTC-SD-BZ-004","Schuldhulpverlening","Bestaanszekerheid","Schuldhulpverlening","Selectielijst gemeenten en intergemeentelijke organen 2012","2012","Sociaal domein bestaanszekerheid - schuldhulp","Beeindigd","P7Y","VERNIETIGEN","2005-05-09","2006-06-08","2013-06-09","6","1","ZAAK","REL-SD-0100","SELECTED","ONVERANDERD","Testzaak sociaal domein; selectielijstjaar afgeleid uit zaakjaar 2005"
"vk-sd-0101","bron-sd-0101","ZAAK-2006-00101","Wmo maatwerkvoorziening ZAAK-2006-00101","ZTC","ZTC-SD-WMO-001","Wmo maatwerkvoorziening","Wmo","Wmo maatwerkvoorziening","Selectielijst gemeenten en intergemeentelijke organen 2012","2012","Sociaal domein Wmo - maatwerkvoorziening","Afgehandeld","P7Y","VERNIETIGEN","2006-12-20","2008-04-19","2015-04-20","2","3","ZAAK","REL-SD-0101","SELECTED","ONVERANDERD","Testzaak sociaal domein; selectielijstjaar afgeleid uit zaakjaar 2006"
"vk-sd-0102","bron-sd-0102","ZAAK-2007-00102","Huishoudelijke ondersteuning ZAAK-2007-00102","ZTC","ZTC-SD-WMO-002","Huishoudelijke ondersteuning","Wmo","Huishoudelijke ondersteuning","Selectielijst gemeenten en intergemeentelijke organen 2012","2012","Sociaal domein Wmo - ondersteuning thuis","Afgehandeld","P7Y","VERNIETIGEN","2007-07-05","2007-08-04","2014-08-05","7","1","ZAAK","REL-SD-0102","SELECTED","ONVERANDERD","Testzaak sociaal domein; selectielijstjaar afgeleid uit zaakjaar 2007"
"vk-sd-0103","bron-sd-0103","ZAAK-2008-00103","Wmo vervoersvoorziening ZAAK-2008-00103","ZTC","ZTC-SD-WMO-003","Wmo vervoersvoorziening","Wmo","Wmo vervoersvoorziening","Selectielijst gemeenten en intergemeentelijke organen 2012","2012","Sociaal domein Wmo - vervoer","Afgehandeld","P7Y","VERNIETIGEN","2008-02-16","2008-06-15","2015-06-16","3","3","ZAAK","REL-SD-0103","SELECTED","ONVERANDERD","Testzaak sociaal domein; selectielijstjaar afgeleid uit zaakjaar 2008"
"vk-sd-0104","bron-sd-0104","ZAAK-2009-00104","Beschermd wonen ZAAK-2009-00104","ZTC","ZTC-SD-WMO-004","Beschermd wonen","Wmo","Beschermd wonen","Selectielijst gemeenten en intergemeentelijke organen 2012","2012","Sociaal domein Wmo - beschermd wonen","Beeindigd","P10Y","VERNIETIGEN","2009-09-01","2010-03-31","2020-04-01","8","1","ZAAK","REL-SD-0104","SELECTED","ONVERANDERD","Testzaak sociaal domein; selectielijstjaar afgeleid uit zaakjaar 2009"
"vk-sd-0105","bron-sd-0105","ZAAK-2010-00105","Jeugdhulpvoorziening ZAAK-2010-00105","ZTC","ZTC-SD-JG-001","Jeugdhulpvoorziening","Jeugd","Jeugdhulpvoorziening","Selectielijst gemeenten en intergemeentelijke organen 2012","2012","Sociaal domein jeugd - jeugdhulp","Afgehandeld","P15Y","VERNIETIGEN","2010-04-12","2011-02-11","2026-02-12","4","3","ZAAK","REL-SD-0105","SELECTED","ONVERANDERD","Testzaak sociaal domein; selectielijstjaar afgeleid uit zaakjaar 2010"
"vk-sd-0106","bron-sd-0106","ZAAK-2011-00106","Pgb jeugd ZAAK-2011-00106","ZTC","ZTC-SD-JG-002","Pgb jeugd","Jeugd","Pgb jeugd","Selectielijst gemeenten en intergemeentelijke organen 2012","2012","Sociaal domein jeugd - pgb","Afgehandeld","P15Y","VERNIETIGEN","2011-11-23","2012-12-22","2027-12-23","9","1","ZAAK","REL-SD-0106","SELECTED","ONVERANDERD","Testzaak sociaal domein; selectielijstjaar afgeleid uit zaakjaar 2011"
"vk-sd-0107","bron-sd-0107","ZAAK-2012-00107","Jeugdbescherming melding ZAAK-2012-00107","ZTC","ZTC-SD-JG-003","Jeugdbescherming melding","Jeugd","Jeugdbescherming melding","Selectielijst gemeenten en intergemeentelijke organen 2012","2012","Sociaal domein jeugd - jeugdbescherming","Afgesloten","P20Y","VERNIETIGEN","2012-06-08","2013-10-07","2033-10-08","5","3","ZAAK","REL-SD-0107","SELECTED","ONVERANDERD","Testzaak sociaal domein; selectielijstjaar afgeleid uit zaakjaar 2012"
"vk-sd-0108","bron-sd-0108","ZAAK-2013-00108","Leerlingenvervoer jeugd ZAAK-2013-00108","ZTC","ZTC-SD-JG-004","Leerlingenvervoer jeugd","Jeugd","Leerlingenvervoer jeugd","Selectielijst gemeenten en intergemeentelijke organen 2012","2012","Sociaal domein jeugd - leerlingenvervoer","Afgehandeld","P7Y","VERNIETIGEN","2013-01-19","2013-02-18","2020-02-19","1","1","ZAAK","REL-SD-0108","SELECTED","ONVERANDERD","Testzaak sociaal domein; selectielijstjaar afgeleid uit zaakjaar 2013"
"vk-sd-0109","bron-sd-0109","ZAAK-2014-00109","Aanvraag bijstandsuitkering ZAAK-2014-00109","ZTC","ZTC-SD-BZ-001","Aanvraag bijstandsuitkering","Bestaanszekerheid","Aanvraag bijstandsuitkering","Selectielijst gemeenten en intergemeentelijke organen 2012","2012","Sociaal domein bestaanszekerheid - uitkering","Afgehandeld","P7Y","VERNIETIGEN","2014-08-04","2014-12-03","2021-12-04","6","3","ZAAK","REL-SD-0109","SELECTED","ONVERANDERD","Testzaak sociaal domein; selectielijstjaar afgeleid uit zaakjaar 2014"
"vk-sd-0110","bron-sd-0110","ZAAK-2015-00110","Bijzondere bijstand ZAAK-2015-00110","ZTC","ZTC-SD-BZ-002","Bijzondere bijstand","Bestaanszekerheid","Bijzondere bijstand","Selectielijst gemeenten en intergemeentelijke organen 2012","2012","Sociaal domein bestaanszekerheid - bijzondere bijstand","Afgehandeld","P7Y","VERNIETIGEN","2015-03-15","2015-10-14","2022-10-15","2","1","ZAAK","REL-SD-0110","SELECTED","ONVERANDERD","Testzaak sociaal domein; selectielijstjaar afgeleid uit zaakjaar 2015"
"vk-sd-0111","bron-sd-0111","ZAAK-2016-00111","Minimaregeling ZAAK-2016-00111","ZTC","ZTC-SD-BZ-003","Minimaregeling","Bestaanszekerheid","Minimaregeling","Selectielijst gemeenten en intergemeentelijke organen 2012","2012","Sociaal domein bestaanszekerheid - minimabeleid","Afgehandeld","P5Y","VERNIETIGEN","2016-10-26","2017-08-25","2022-08-26","7","3","ZAAK","REL-SD-0111","SELECTED","ONVERANDERD","Testzaak sociaal domein; selectielijstjaar afgeleid uit zaakjaar 2016"
"vk-sd-0112","bron-sd-0112","ZAAK-2017-00112","Schuldhulpverlening ZAAK-2017-00112","ZTC","ZTC-SD-BZ-004","Schuldhulpverlening","Bestaanszekerheid","Schuldhulpverlening","Selectielijst gemeenten en intergemeentelijke organen 2017","2017","Sociaal domein bestaanszekerheid - schuldhulp","Beeindigd","P7Y","VERNIETIGEN","2017-05-11","2018-06-10","2025-06-11","3","1","ZAAK","REL-SD-0112","SELECTED","ONVERANDERD","Testzaak sociaal domein; selectielijstjaar afgeleid uit zaakjaar 2017"
"vk-sd-0113","bron-sd-0113","ZAAK-2018-00113","Wmo maatwerkvoorziening ZAAK-2018-00113","ZTC","ZTC-SD-WMO-001","Wmo maatwerkvoorziening","Wmo","Wmo maatwerkvoorziening","Selectielijst gemeenten en intergemeentelijke organen 2017","2017","Sociaal domein Wmo - maatwerkvoorziening","Afgehandeld","P7Y","VERNIETIGEN","2018-12-22","2020-04-21","2027-04-22","8","3","ZAAK","REL-SD-0113","SELECTED","ONVERANDERD","Testzaak sociaal domein; selectielijstjaar afgeleid uit zaakjaar 2018"
"vk-sd-0114","bron-sd-0114","ZAAK-2019-00114","Huishoudelijke ondersteuning ZAAK-2019-00114","ZTC","ZTC-SD-WMO-002","Huishoudelijke ondersteuning","Wmo","Huishoudelijke ondersteuning","Selectielijst gemeenten en intergemeentelijke organen 2017","2017","Sociaal domein Wmo - ondersteuning thuis","Afgehandeld","P7Y","VERNIETIGEN","2019-07-07","2019-08-06","2026-08-07","4","1","ZAAK","REL-SD-0114","SELECTED","ONVERANDERD","Testzaak sociaal domein; selectielijstjaar afgeleid uit zaakjaar 2019"
"vk-sd-0115","bron-sd-0115","ZAAK-2020-00115","Wmo vervoersvoorziening ZAAK-2020-00115","ZTC","ZTC-SD-WMO-003","Wmo vervoersvoorziening","Wmo","Wmo vervoersvoorziening","Selectielijst gemeenten en intergemeentelijke organen 2020","2020","Sociaal domein Wmo - vervoer","Afgehandeld","P7Y","VERNIETIGEN","2020-02-18","2020-06-17","2027-06-18","9","3","ZAAK","REL-SD-0115","SELECTED","ONVERANDERD","Testzaak sociaal domein; selectielijstjaar afgeleid uit zaakjaar 2020"
"vk-sd-0116","bron-sd-0116","ZAAK-2021-00116","Beschermd wonen ZAAK-2021-00116","ZTC","ZTC-SD-WMO-004","Beschermd wonen","Wmo","Beschermd wonen","Selectielijst gemeenten en intergemeentelijke organen 2020","2020","Sociaal domein Wmo - beschermd wonen","Beeindigd","P10Y","VERNIETIGEN","2021-09-03","2022-04-02","2032-04-03","5","1","ZAAK","REL-SD-0116","SELECTED","ONVERANDERD","Testzaak sociaal domein; selectielijstjaar afgeleid uit zaakjaar 2021"
"vk-sd-0117","bron-sd-0117","ZAAK-2022-00117","Jeugdhulpvoorziening ZAAK-2022-00117","ZTC","ZTC-SD-JG-001","Jeugdhulpvoorziening","Jeugd","Jeugdhulpvoorziening","Selectielijst gemeenten en intergemeentelijke organen 2020","2020","Sociaal domein jeugd - jeugdhulp","Afgehandeld","P15Y","VERNIETIGEN","2022-04-14","2023-02-13","2038-02-14","1","3","ZAAK","REL-SD-0117","SELECTED","ONVERANDERD","Testzaak sociaal domein; selectielijstjaar afgeleid uit zaakjaar 2022"
"vk-sd-0118","bron-sd-0118","ZAAK-2023-00118","Pgb jeugd ZAAK-2023-00118","ZTC","ZTC-SD-JG-002","Pgb jeugd","Jeugd","Pgb jeugd","Selectielijst gemeenten en intergemeentelijke organen 2020","2020","Sociaal domein jeugd - pgb","Afgehandeld","P15Y","VERNIETIGEN","2023-11-25","2024-12-24","2039-12-25","6","1","ZAAK","REL-SD-0118","SELECTED","ONVERANDERD","Testzaak sociaal domein; selectielijstjaar afgeleid uit zaakjaar 2023"
"vk-sd-0119","bron-sd-0119","ZAAK-2024-00119","Jeugdbescherming melding ZAAK-2024-00119","ZTC","ZTC-SD-JG-003","Jeugdbescherming melding","Jeugd","Jeugdbescherming melding","Selectielijst gemeenten en intergemeentelijke organen 2020","2020","Sociaal domein jeugd - jeugdbescherming","Afgesloten","P20Y","VERNIETIGEN","2024-06-10","2025-10-09","2045-10-10","2","3","ZAAK","REL-SD-0119","SELECTED","ONVERANDERD","Testzaak sociaal domein; selectielijstjaar afgeleid uit zaakjaar 2024"
"vk-sd-0120","bron-sd-0120","ZAAK-2025-00120","Leerlingenvervoer jeugd ZAAK-2025-00120","ZTC","ZTC-SD-JG-004","Leerlingenvervoer jeugd","Jeugd","Leerlingenvervoer jeugd","Selectielijst gemeenten en intergemeentelijke organen 2020","2020","Sociaal domein jeugd - leerlingenvervoer","Afgehandeld","P7Y","VERNIETIGEN","2025-01-21","2025-02-20","2032-02-21","7","1","ZAAK","REL-SD-0120","SELECTED","ONVERANDERD","Testzaak sociaal domein; selectielijstjaar afgeleid uit zaakjaar 2025"
"vk-sd-0121","bron-sd-0121","ZAAK-1996-00121","Aanvraag bijstandsuitkering ZAAK-1996-00121","ZTC","ZTC-SD-BZ-001","Aanvraag bijstandsuitkering","Bestaanszekerheid","Aanvraag bijstandsuitkering","Selectielijst gemeenten en intergemeentelijke organen 2012","2012","Sociaal domein bestaanszekerheid - uitkering","Afgehandeld","P7Y","VERNIETIGEN","1996-08-06","1996-12-05","2003-12-06","3","3","ZAAK","REL-SD-0121","SELECTED","ONVERANDERD","Testzaak sociaal domein; selectielijstjaar afgeleid uit zaakjaar 1996"
"vk-sd-0122","bron-sd-0122","ZAAK-1997-00122","Bijzondere bijstand ZAAK-1997-00122","ZTC","ZTC-SD-BZ-002","Bijzondere bijstand","Bestaanszekerheid","Bijzondere bijstand","Selectielijst gemeenten en intergemeentelijke organen 2012","2012","Sociaal domein bestaanszekerheid - bijzondere bijstand","Afgehandeld","P7Y","VERNIETIGEN","1997-03-17","1997-10-16","2004-10-17","8","1","ZAAK","REL-SD-0122","SELECTED","ONVERANDERD","Testzaak sociaal domein; selectielijstjaar afgeleid uit zaakjaar 1997"
"vk-sd-0123","bron-sd-0123","ZAAK-1998-00123","Minimaregeling ZAAK-1998-00123","ZTC","ZTC-SD-BZ-003","Minimaregeling","Bestaanszekerheid","Minimaregeling","Selectielijst gemeenten en intergemeentelijke organen 2012","2012","Sociaal domein bestaanszekerheid - minimabeleid","Afgehandeld","P5Y","VERNIETIGEN","1998-10-02","1999-08-01","2004-08-02","4","3","ZAAK","REL-SD-0123","SELECTED","ONVERANDERD","Testzaak sociaal domein; selectielijstjaar afgeleid uit zaakjaar 1998"
"vk-sd-0124","bron-sd-0124","ZAAK-1999-00124","Schuldhulpverlening ZAAK-1999-00124","ZTC","ZTC-SD-BZ-004","Schuldhulpverlening","Bestaanszekerheid","Schuldhulpverlening","Selectielijst gemeenten en intergemeentelijke organen 2012","2012","Sociaal domein bestaanszekerheid - schuldhulp","Beeindigd","P7Y","VERNIETIGEN","1999-05-13","2000-06-12","2007-06-13","9","1","ZAAK","REL-SD-0124","SELECTED","ONVERANDERD","Testzaak sociaal domein; selectielijstjaar afgeleid uit zaakjaar 1999"
"vk-sd-0125","bron-sd-0125","ZAAK-2000-00125","Wmo maatwerkvoorziening ZAAK-2000-00125","ZTC","ZTC-SD-WMO-001","Wmo maatwerkvoorziening","Wmo","Wmo maatwerkvoorziening","Selectielijst gemeenten en intergemeentelijke organen 2012","2012","Sociaal domein Wmo - maatwerkvoorziening","Afgehandeld","P7Y","VERNIETIGEN","2000-12-24","2002-04-23","2009-04-24","5","3","ZAAK","REL-SD-0125","SELECTED","ONVERANDERD","Testzaak sociaal domein; selectielijstjaar afgeleid uit zaakjaar 2000"
"vk-sd-0126","bron-sd-0126","ZAAK-2001-00126","Huishoudelijke ondersteuning ZAAK-2001-00126","ZTC","ZTC-SD-WMO-002","Huishoudelijke ondersteuning","Wmo","Huishoudelijke ondersteuning","Selectielijst gemeenten en intergemeentelijke organen 2012","2012","Sociaal domein Wmo - ondersteuning thuis","Afgehandeld","P7Y","VERNIETIGEN","2001-07-09","2001-08-08","2008-08-09","1","1","ZAAK","REL-SD-0126","SELECTED","ONVERANDERD","Testzaak sociaal domein; selectielijstjaar afgeleid uit zaakjaar 2001"
"vk-sd-0127","bron-sd-0127","ZAAK-2002-00127","Wmo vervoersvoorziening ZAAK-2002-00127","ZTC","ZTC-SD-WMO-003","Wmo vervoersvoorziening","Wmo","Wmo vervoersvoorziening","Selectielijst gemeenten en intergemeentelijke organen 2012","2012","Sociaal domein Wmo - vervoer","Afgehandeld","P7Y","VERNIETIGEN","2002-02-20","2002-06-19","2009-06-20","6","3","ZAAK","REL-SD-0127","SELECTED","ONVERANDERD","Testzaak sociaal domein; selectielijstjaar afgeleid uit zaakjaar 2002"
"vk-sd-0128","bron-sd-0128","ZAAK-2003-00128","Beschermd wonen ZAAK-2003-00128","ZTC","ZTC-SD-WMO-004","Beschermd wonen","Wmo","Beschermd wonen","Selectielijst gemeenten en intergemeentelijke organen 2012","2012","Sociaal domein Wmo - beschermd wonen","Beeindigd","P10Y","VERNIETIGEN","2003-09-05","2004-04-04","2014-04-05","2","1","ZAAK","REL-SD-0128","SELECTED","ONVERANDERD","Testzaak sociaal domein; selectielijstjaar afgeleid uit zaakjaar 2003"
"vk-sd-0129","bron-sd-0129","ZAAK-2004-00129","Jeugdhulpvoorziening ZAAK-2004-00129","ZTC","ZTC-SD-JG-001","Jeugdhulpvoorziening","Jeugd","Jeugdhulpvoorziening","Selectielijst gemeenten en intergemeentelijke organen 2012","2012","Sociaal domein jeugd - jeugdhulp","Afgehandeld","P15Y","VERNIETIGEN","2004-04-16","2005-02-15","2020-02-16","7","3","ZAAK","REL-SD-0129","SELECTED","ONVERANDERD","Testzaak sociaal domein; selectielijstjaar afgeleid uit zaakjaar 2004"
"vk-sd-0130","bron-sd-0130","ZAAK-2005-00130","Pgb jeugd ZAAK-2005-00130","ZTC","ZTC-SD-JG-002","Pgb jeugd","Jeugd","Pgb jeugd","Selectielijst gemeenten en intergemeentelijke organen 2012","2012","Sociaal domein jeugd - pgb","Afgehandeld","P15Y","VERNIETIGEN","2005-11-01","2006-11-30","2021-12-01","3","1","ZAAK","REL-SD-0130","SELECTED","ONVERANDERD","Testzaak sociaal domein; selectielijstjaar afgeleid uit zaakjaar 2005"
"vk-sd-0131","bron-sd-0131","ZAAK-2006-00131","Jeugdbescherming melding ZAAK-2006-00131","ZTC","ZTC-SD-JG-003","Jeugdbescherming melding","Jeugd","Jeugdbescherming melding","Selectielijst gemeenten en intergemeentelijke organen 2012","2012","Sociaal domein jeugd - jeugdbescherming","Afgesloten","P20Y","VERNIETIGEN","2006-06-12","2007-10-11","2027-10-12","8","3","ZAAK","REL-SD-0131","SELECTED","ONVERANDERD","Testzaak sociaal domein; selectielijstjaar afgeleid uit zaakjaar 2006"
"vk-sd-0132","bron-sd-0132","ZAAK-2007-00132","Leerlingenvervoer jeugd ZAAK-2007-00132","ZTC","ZTC-SD-JG-004","Leerlingenvervoer jeugd","Jeugd","Leerlingenvervoer jeugd","Selectielijst gemeenten en intergemeentelijke organen 2012","2012","Sociaal domein jeugd - leerlingenvervoer","Afgehandeld","P7Y","VERNIETIGEN","2007-01-23","2007-02-22","2014-02-23","4","1","ZAAK","REL-SD-0132","SELECTED","ONVERANDERD","Testzaak sociaal domein; selectielijstjaar afgeleid uit zaakjaar 2007"
"vk-sd-0133","bron-sd-0133","ZAAK-2008-00133","Aanvraag bijstandsuitkering ZAAK-2008-00133","ZTC","ZTC-SD-BZ-001","Aanvraag bijstandsuitkering","Bestaanszekerheid","Aanvraag bijstandsuitkering","Selectielijst gemeenten en intergemeentelijke organen 2012","2012","Sociaal domein bestaanszekerheid - uitkering","Afgehandeld","P7Y","VERNIETIGEN","2008-08-08","2008-12-07","2015-12-08","9","3","ZAAK","REL-SD-0133","SELECTED","ONVERANDERD","Testzaak sociaal domein; selectielijstjaar afgeleid uit zaakjaar 2008"
"vk-sd-0134","bron-sd-0134","ZAAK-2009-00134","Bijzondere bijstand ZAAK-2009-00134","ZTC","ZTC-SD-BZ-002","Bijzondere bijstand","Bestaanszekerheid","Bijzondere bijstand","Selectielijst gemeenten en intergemeentelijke organen 2012","2012","Sociaal domein bestaanszekerheid - bijzondere bijstand","Afgehandeld","P7Y","VERNIETIGEN","2009-03-19","2009-10-18","2016-10-19","5","1","ZAAK","REL-SD-0134","SELECTED","ONVERANDERD","Testzaak sociaal domein; selectielijstjaar afgeleid uit zaakjaar 2009"
"vk-sd-0135","bron-sd-0135","ZAAK-2010-00135","Minimaregeling ZAAK-2010-00135","ZTC","ZTC-SD-BZ-003","Minimaregeling","Bestaanszekerheid","Minimaregeling","Selectielijst gemeenten en intergemeentelijke organen 2012","2012","Sociaal domein bestaanszekerheid - minimabeleid","Afgehandeld","P5Y","VERNIETIGEN","2010-10-04","2011-08-03","2016-08-04","1","3","ZAAK","REL-SD-0135","SELECTED","ONVERANDERD","Testzaak sociaal domein; selectielijstjaar afgeleid uit zaakjaar 2010"
"vk-sd-0136","bron-sd-0136","ZAAK-2011-00136","Schuldhulpverlening ZAAK-2011-00136","ZTC","ZTC-SD-BZ-004","Schuldhulpverlening","Bestaanszekerheid","Schuldhulpverlening","Selectielijst gemeenten en intergemeentelijke organen 2012","2012","Sociaal domein bestaanszekerheid - schuldhulp","Beeindigd","P7Y","VERNIETIGEN","2011-05-15","2012-06-14","2019-06-15","6","1","ZAAK","REL-SD-0136","SELECTED","ONVERANDERD","Testzaak sociaal domein; selectielijstjaar afgeleid uit zaakjaar 2011"
"vk-sd-0137","bron-sd-0137","ZAAK-2012-00137","Wmo maatwerkvoorziening ZAAK-2012-00137","ZTC","ZTC-SD-WMO-001","Wmo maatwerkvoorziening","Wmo","Wmo maatwerkvoorziening","Selectielijst gemeenten en intergemeentelijke organen 2012","2012","Sociaal domein Wmo - maatwerkvoorziening","Afgehandeld","P7Y","VERNIETIGEN","2012-12-26","2014-04-25","2021-04-26","2","3","ZAAK","REL-SD-0137","SELECTED","ONVERANDERD","Testzaak sociaal domein; selectielijstjaar afgeleid uit zaakjaar 2012"
"vk-sd-0138","bron-sd-0138","ZAAK-2013-00138","Huishoudelijke ondersteuning ZAAK-2013-00138","ZTC","ZTC-SD-WMO-002","Huishoudelijke ondersteuning","Wmo","Huishoudelijke ondersteuning","Selectielijst gemeenten en intergemeentelijke organen 2012","2012","Sociaal domein Wmo - ondersteuning thuis","Afgehandeld","P7Y","VERNIETIGEN","2013-07-11","2013-08-10","2020-08-11","7","1","ZAAK","REL-SD-0138","SELECTED","ONVERANDERD","Testzaak sociaal domein; selectielijstjaar afgeleid uit zaakjaar 2013"
"vk-sd-0139","bron-sd-0139","ZAAK-2014-00139","Wmo vervoersvoorziening ZAAK-2014-00139","ZTC","ZTC-SD-WMO-003","Wmo vervoersvoorziening","Wmo","Wmo vervoersvoorziening","Selectielijst gemeenten en intergemeentelijke organen 2012","2012","Sociaal domein Wmo - vervoer","Afgehandeld","P7Y","VERNIETIGEN","2014-02-22","2014-06-21","2021-06-22","3","3","ZAAK","REL-SD-0139","SELECTED","ONVERANDERD","Testzaak sociaal domein; selectielijstjaar afgeleid uit zaakjaar 2014"
"vk-sd-0140","bron-sd-0140","ZAAK-2015-00140","Beschermd wonen ZAAK-2015-00140","ZTC","ZTC-SD-WMO-004","Beschermd wonen","Wmo","Beschermd wonen","Selectielijst gemeenten en intergemeentelijke organen 2012","2012","Sociaal domein Wmo - beschermd wonen","Beeindigd","P10Y","VERNIETIGEN","2015-09-07","2016-04-06","2026-04-07","8","1","ZAAK","REL-SD-0140","SELECTED","ONVERANDERD","Testzaak sociaal domein; selectielijstjaar afgeleid uit zaakjaar 2015"
"vk-sd-0141","bron-sd-0141","ZAAK-2016-00141","Jeugdhulpvoorziening ZAAK-2016-00141","ZTC","ZTC-SD-JG-001","Jeugdhulpvoorziening","Jeugd","Jeugdhulpvoorziening","Selectielijst gemeenten en intergemeentelijke organen 2012","2012","Sociaal domein jeugd - jeugdhulp","Afgehandeld","P15Y","VERNIETIGEN","2016-04-18","2017-02-17","2032-02-18","4","3","ZAAK","REL-SD-0141","SELECTED","ONVERANDERD","Testzaak sociaal domein; selectielijstjaar afgeleid uit zaakjaar 2016"
"vk-sd-0142","bron-sd-0142","ZAAK-2017-00142","Pgb jeugd ZAAK-2017-00142","ZTC","ZTC-SD-JG-002","Pgb jeugd","Jeugd","Pgb jeugd","Selectielijst gemeenten en intergemeentelijke organen 2017","2017","Sociaal domein jeugd - pgb","Afgehandeld","P15Y","VERNIETIGEN","2017-11-03","2018-12-02","2033-12-03","9","1","ZAAK","REL-SD-0142","SELECTED","ONVERANDERD","Testzaak sociaal domein; selectielijstjaar afgeleid uit zaakjaar 2017"
"vk-sd-0143","bron-sd-0143","ZAAK-2018-00143","Jeugdbescherming melding ZAAK-2018-00143","ZTC","ZTC-SD-JG-003","Jeugdbescherming melding","Jeugd","Jeugdbescherming melding","Selectielijst gemeenten en intergemeentelijke organen 2017","2017","Sociaal domein jeugd - jeugdbescherming","Afgesloten","P20Y","VERNIETIGEN","2018-06-14","2019-10-13","2039-10-14","5","3","ZAAK","REL-SD-0143","SELECTED","ONVERANDERD","Testzaak sociaal domein; selectielijstjaar afgeleid uit zaakjaar 2018"
"vk-sd-0144","bron-sd-0144","ZAAK-2019-00144","Leerlingenvervoer jeugd ZAAK-2019-00144","ZTC","ZTC-SD-JG-004","Leerlingenvervoer jeugd","Jeugd","Leerlingenvervoer jeugd","Selectielijst gemeenten en intergemeentelijke organen 2017","2017","Sociaal domein jeugd - leerlingenvervoer","Afgehandeld","P7Y","VERNIETIGEN","2019-01-25","2019-02-24","2026-02-25","1","1","ZAAK","REL-SD-0144","SELECTED","ONVERANDERD","Testzaak sociaal domein; selectielijstjaar afgeleid uit zaakjaar 2019"
"vk-sd-0145","bron-sd-0145","ZAAK-2020-00145","Aanvraag bijstandsuitkering ZAAK-2020-00145","ZTC","ZTC-SD-BZ-001","Aanvraag bijstandsuitkering","Bestaanszekerheid","Aanvraag bijstandsuitkering","Selectielijst gemeenten en intergemeentelijke organen 2020","2020","Sociaal domein bestaanszekerheid - uitkering","Afgehandeld","P7Y","VERNIETIGEN","2020-08-10","2020-12-09","2027-12-10","6","3","ZAAK","REL-SD-0145","SELECTED","ONVERANDERD","Testzaak sociaal domein; selectielijstjaar afgeleid uit zaakjaar 2020"
"vk-sd-0146","bron-sd-0146","ZAAK-2021-00146","Bijzondere bijstand ZAAK-2021-00146","ZTC","ZTC-SD-BZ-002","Bijzondere bijstand","Bestaanszekerheid","Bijzondere bijstand","Selectielijst gemeenten en intergemeentelijke organen 2020","2020","Sociaal domein bestaanszekerheid - bijzondere bijstand","Afgehandeld","P7Y","VERNIETIGEN","2021-03-21","2021-10-20","2028-10-21","2","1","ZAAK","REL-SD-0146","SELECTED","ONVERANDERD","Testzaak sociaal domein; selectielijstjaar afgeleid uit zaakjaar 2021"
"vk-sd-0147","bron-sd-0147","ZAAK-2022-00147","Minimaregeling ZAAK-2022-00147","ZTC","ZTC-SD-BZ-003","Minimaregeling","Bestaanszekerheid","Minimaregeling","Selectielijst gemeenten en intergemeentelijke organen 2020","2020","Sociaal domein bestaanszekerheid - minimabeleid","Afgehandeld","P5Y","VERNIETIGEN","2022-10-06","2023-08-05","2028-08-06","7","3","ZAAK","REL-SD-0147","SELECTED","ONVERANDERD","Testzaak sociaal domein; selectielijstjaar afgeleid uit zaakjaar 2022"
"vk-sd-0148","bron-sd-0148","ZAAK-2023-00148","Schuldhulpverlening ZAAK-2023-00148","ZTC","ZTC-SD-BZ-004","Schuldhulpverlening","Bestaanszekerheid","Schuldhulpverlening","Selectielijst gemeenten en intergemeentelijke organen 2020","2020","Sociaal domein bestaanszekerheid - schuldhulp","Beeindigd","P7Y","VERNIETIGEN","2023-05-17","2024-06-16","2031-06-17","3","1","ZAAK","REL-SD-0148","SELECTED","ONVERANDERD","Testzaak sociaal domein; selectielijstjaar afgeleid uit zaakjaar 2023"
"vk-sd-0149","bron-sd-0149","ZAAK-2024-00149","Wmo maatwerkvoorziening ZAAK-2024-00149","ZTC","ZTC-SD-WMO-001","Wmo maatwerkvoorziening","Wmo","Wmo maatwerkvoorziening","Selectielijst gemeenten en intergemeentelijke organen 2020","2020","Sociaal domein Wmo - maatwerkvoorziening","Afgehandeld","P7Y","VERNIETIGEN","2024-12-02","2025-12-31","2033-01-01","8","3","ZAAK","REL-SD-0149","SELECTED","ONVERANDERD","Testzaak sociaal domein; selectielijstjaar afgeleid uit zaakjaar 2024"
"vk-sd-0150","bron-sd-0150","ZAAK-2025-00150","Huishoudelijke ondersteuning ZAAK-2025-00150","ZTC","ZTC-SD-WMO-002","Huishoudelijke ondersteuning","Wmo","Huishoudelijke ondersteuning","Selectielijst gemeenten en intergemeentelijke organen 2020","2020","Sociaal domein Wmo - ondersteuning thuis","Afgehandeld","P7Y","VERNIETIGEN","2025-07-13","2025-08-12","2032-08-13","4","1","ZAAK","REL-SD-0150","SELECTED","ONVERANDERD","Testzaak sociaal domein; selectielijstjaar afgeleid uit zaakjaar 2025"
"vk-sd-0151","bron-sd-0151","ZAAK-1996-00151","Wmo vervoersvoorziening ZAAK-1996-00151","ZTC","ZTC-SD-WMO-003","Wmo vervoersvoorziening","Wmo","Wmo vervoersvoorziening","Selectielijst gemeenten en intergemeentelijke organen 2012","2012","Sociaal domein Wmo - vervoer","Afgehandeld","P7Y","VERNIETIGEN","1996-02-24","1996-06-23","2003-06-24","9","3","ZAAK","REL-SD-0151","SELECTED","ONVERANDERD","Testzaak sociaal domein; selectielijstjaar afgeleid uit zaakjaar 1996"
"vk-sd-0152","bron-sd-0152","ZAAK-1997-00152","Beschermd wonen ZAAK-1997-00152","ZTC","ZTC-SD-WMO-004","Beschermd wonen","Wmo","Beschermd wonen","Selectielijst gemeenten en intergemeentelijke organen 2012","2012","Sociaal domein Wmo - beschermd wonen","Beeindigd","P10Y","VERNIETIGEN","1997-09-09","1998-04-08","2008-04-09","5","1","ZAAK","REL-SD-0152","SELECTED","ONVERANDERD","Testzaak sociaal domein; selectielijstjaar afgeleid uit zaakjaar 1997"
"vk-sd-0153","bron-sd-0153","ZAAK-1998-00153","Jeugdhulpvoorziening ZAAK-1998-00153","ZTC","ZTC-SD-JG-001","Jeugdhulpvoorziening","Jeugd","Jeugdhulpvoorziening","Selectielijst gemeenten en intergemeentelijke organen 2012","2012","Sociaal domein jeugd - jeugdhulp","Afgehandeld","P15Y","VERNIETIGEN","1998-04-20","1999-02-19","2014-02-20","1","3","ZAAK","REL-SD-0153","SELECTED","ONVERANDERD","Testzaak sociaal domein; selectielijstjaar afgeleid uit zaakjaar 1998"
"vk-sd-0154","bron-sd-0154","ZAAK-1999-00154","Pgb jeugd ZAAK-1999-00154","ZTC","ZTC-SD-JG-002","Pgb jeugd","Jeugd","Pgb jeugd","Selectielijst gemeenten en intergemeentelijke organen 2012","2012","Sociaal domein jeugd - pgb","Afgehandeld","P15Y","VERNIETIGEN","1999-11-05","2000-12-04","2015-12-05","6","1","ZAAK","REL-SD-0154","SELECTED","ONVERANDERD","Testzaak sociaal domein; selectielijstjaar afgeleid uit zaakjaar 1999"
"vk-sd-0155","bron-sd-0155","ZAAK-2000-00155","Jeugdbescherming melding ZAAK-2000-00155","ZTC","ZTC-SD-JG-003","Jeugdbescherming melding","Jeugd","Jeugdbescherming melding","Selectielijst gemeenten en intergemeentelijke organen 2012","2012","Sociaal domein jeugd - jeugdbescherming","Afgesloten","P20Y","VERNIETIGEN","2000-06-16","2001-10-15","2021-10-16","2","3","ZAAK","REL-SD-0155","SELECTED","ONVERANDERD","Testzaak sociaal domein; selectielijstjaar afgeleid uit zaakjaar 2000"
"vk-sd-0156","bron-sd-0156","ZAAK-2001-00156","Leerlingenvervoer jeugd ZAAK-2001-00156","ZTC","ZTC-SD-JG-004","Leerlingenvervoer jeugd","Jeugd","Leerlingenvervoer jeugd","Selectielijst gemeenten en intergemeentelijke organen 2012","2012","Sociaal domein jeugd - leerlingenvervoer","Afgehandeld","P7Y","VERNIETIGEN","2001-01-01","2001-01-31","2008-02-01","7","1","ZAAK","REL-SD-0156","SELECTED","ONVERANDERD","Testzaak sociaal domein; selectielijstjaar afgeleid uit zaakjaar 2001"
"vk-sd-0157","bron-sd-0157","ZAAK-2002-00157","Aanvraag bijstandsuitkering ZAAK-2002-00157","ZTC","ZTC-SD-BZ-001","Aanvraag bijstandsuitkering","Bestaanszekerheid","Aanvraag bijstandsuitkering","Selectielijst gemeenten en intergemeentelijke organen 2012","2012","Sociaal domein bestaanszekerheid - uitkering","Afgehandeld","P7Y","VERNIETIGEN","2002-08-12","2002-12-11","2009-12-12","3","3","ZAAK","REL-SD-0157","SELECTED","ONVERANDERD","Testzaak sociaal domein; selectielijstjaar afgeleid uit zaakjaar 2002"
"vk-sd-0158","bron-sd-0158","ZAAK-2003-00158","Bijzondere bijstand ZAAK-2003-00158","ZTC","ZTC-SD-BZ-002","Bijzondere bijstand","Bestaanszekerheid","Bijzondere bijstand","Selectielijst gemeenten en intergemeentelijke organen 2012","2012","Sociaal domein bestaanszekerheid - bijzondere bijstand","Afgehandeld","P7Y","VERNIETIGEN","2003-03-23","2003-10-22","2010-10-23","8","1","ZAAK","REL-SD-0158","SELECTED","ONVERANDERD","Testzaak sociaal domein; selectielijstjaar afgeleid uit zaakjaar 2003"
"vk-sd-0159","bron-sd-0159","ZAAK-2004-00159","Minimaregeling ZAAK-2004-00159","ZTC","ZTC-SD-BZ-003","Minimaregeling","Bestaanszekerheid","Minimaregeling","Selectielijst gemeenten en intergemeentelijke organen 2012","2012","Sociaal domein bestaanszekerheid - minimabeleid","Afgehandeld","P5Y","VERNIETIGEN","2004-10-08","2005-08-07","2010-08-08","4","3","ZAAK","REL-SD-0159","SELECTED","ONVERANDERD","Testzaak sociaal domein; selectielijstjaar afgeleid uit zaakjaar 2004"
"vk-sd-0160","bron-sd-0160","ZAAK-2005-00160","Schuldhulpverlening ZAAK-2005-00160","ZTC","ZTC-SD-BZ-004","Schuldhulpverlening","Bestaanszekerheid","Schuldhulpverlening","Selectielijst gemeenten en intergemeentelijke organen 2012","2012","Sociaal domein bestaanszekerheid - schuldhulp","Beeindigd","P7Y","VERNIETIGEN","2005-05-19","2006-06-18","2013-06-19","9","1","ZAAK","REL-SD-0160","SELECTED","ONVERANDERD","Testzaak sociaal domein; selectielijstjaar afgeleid uit zaakjaar 2005"
"vk-sd-0161","bron-sd-0161","ZAAK-2006-00161","Wmo maatwerkvoorziening ZAAK-2006-00161","ZTC","ZTC-SD-WMO-001","Wmo maatwerkvoorziening","Wmo","Wmo maatwerkvoorziening","Selectielijst gemeenten en intergemeentelijke organen 2012","2012","Sociaal domein Wmo - maatwerkvoorziening","Afgehandeld","P7Y","VERNIETIGEN","2006-12-04","2008-04-03","2015-04-04","5","3","ZAAK","REL-SD-0161","SELECTED","ONVERANDERD","Testzaak sociaal domein; selectielijstjaar afgeleid uit zaakjaar 2006"
"vk-sd-0162","bron-sd-0162","ZAAK-2007-00162","Huishoudelijke ondersteuning ZAAK-2007-00162","ZTC","ZTC-SD-WMO-002","Huishoudelijke ondersteuning","Wmo","Huishoudelijke ondersteuning","Selectielijst gemeenten en intergemeentelijke organen 2012","2012","Sociaal domein Wmo - ondersteuning thuis","Afgehandeld","P7Y","VERNIETIGEN","2007-07-15","2007-08-14","2014-08-15","1","1","ZAAK","REL-SD-0162","SELECTED","ONVERANDERD","Testzaak sociaal domein; selectielijstjaar afgeleid uit zaakjaar 2007"
"vk-sd-0163","bron-sd-0163","ZAAK-2008-00163","Wmo vervoersvoorziening ZAAK-2008-00163","ZTC","ZTC-SD-WMO-003","Wmo vervoersvoorziening","Wmo","Wmo vervoersvoorziening","Selectielijst gemeenten en intergemeentelijke organen 2012","2012","Sociaal domein Wmo - vervoer","Afgehandeld","P7Y","VERNIETIGEN","2008-02-26","2008-06-25","2015-06-26","6","3","ZAAK","REL-SD-0163","SELECTED","ONVERANDERD","Testzaak sociaal domein; selectielijstjaar afgeleid uit zaakjaar 2008"
"vk-sd-0164","bron-sd-0164","ZAAK-2009-00164","Beschermd wonen ZAAK-2009-00164","ZTC","ZTC-SD-WMO-004","Beschermd wonen","Wmo","Beschermd wonen","Selectielijst gemeenten en intergemeentelijke organen 2012","2012","Sociaal domein Wmo - beschermd wonen","Beeindigd","P10Y","VERNIETIGEN","2009-09-11","2010-04-10","2020-04-11","2","1","ZAAK","REL-SD-0164","SELECTED","ONVERANDERD","Testzaak sociaal domein; selectielijstjaar afgeleid uit zaakjaar 2009"
"vk-sd-0165","bron-sd-0165","ZAAK-2010-00165","Jeugdhulpvoorziening ZAAK-2010-00165","ZTC","ZTC-SD-JG-001","Jeugdhulpvoorziening","Jeugd","Jeugdhulpvoorziening","Selectielijst gemeenten en intergemeentelijke organen 2012","2012","Sociaal domein jeugd - jeugdhulp","Afgehandeld","P15Y","VERNIETIGEN","2010-04-22","2011-02-21","2026-02-22","7","3","ZAAK","REL-SD-0165","SELECTED","ONVERANDERD","Testzaak sociaal domein; selectielijstjaar afgeleid uit zaakjaar 2010"
"vk-sd-0166","bron-sd-0166","ZAAK-2011-00166","Pgb jeugd ZAAK-2011-00166","ZTC","ZTC-SD-JG-002","Pgb jeugd","Jeugd","Pgb jeugd","Selectielijst gemeenten en intergemeentelijke organen 2012","2012","Sociaal domein jeugd - pgb","Afgehandeld","P15Y","VERNIETIGEN","2011-11-07","2012-12-06","2027-12-07","3","1","ZAAK","REL-SD-0166","SELECTED","ONVERANDERD","Testzaak sociaal domein; selectielijstjaar afgeleid uit zaakjaar 2011"
"vk-sd-0167","bron-sd-0167","ZAAK-2012-00167","Jeugdbescherming melding ZAAK-2012-00167","ZTC","ZTC-SD-JG-003","Jeugdbescherming melding","Jeugd","Jeugdbescherming melding","Selectielijst gemeenten en intergemeentelijke organen 2012","2012","Sociaal domein jeugd - jeugdbescherming","Afgesloten","P20Y","VERNIETIGEN","2012-06-18","2013-10-17","2033-10-18","8","3","ZAAK","REL-SD-0167","SELECTED","ONVERANDERD","Testzaak sociaal domein; selectielijstjaar afgeleid uit zaakjaar 2012"
"vk-sd-0168","bron-sd-0168","ZAAK-2013-00168","Leerlingenvervoer jeugd ZAAK-2013-00168","ZTC","ZTC-SD-JG-004","Leerlingenvervoer jeugd","Jeugd","Leerlingenvervoer jeugd","Selectielijst gemeenten en intergemeentelijke organen 2012","2012","Sociaal domein jeugd - leerlingenvervoer","Afgehandeld","P7Y","VERNIETIGEN","2013-01-03","2013-02-02","2020-02-03","4","1","ZAAK","REL-SD-0168","SELECTED","ONVERANDERD","Testzaak sociaal domein; selectielijstjaar afgeleid uit zaakjaar 2013"
"vk-sd-0169","bron-sd-0169","ZAAK-2014-00169","Aanvraag bijstandsuitkering ZAAK-2014-00169","ZTC","ZTC-SD-BZ-001","Aanvraag bijstandsuitkering","Bestaanszekerheid","Aanvraag bijstandsuitkering","Selectielijst gemeenten en intergemeentelijke organen 2012","2012","Sociaal domein bestaanszekerheid - uitkering","Afgehandeld","P7Y","VERNIETIGEN","2014-08-14","2014-12-13","2021-12-14","9","3","ZAAK","REL-SD-0169","SELECTED","ONVERANDERD","Testzaak sociaal domein; selectielijstjaar afgeleid uit zaakjaar 2014"
"vk-sd-0170","bron-sd-0170","ZAAK-2015-00170","Bijzondere bijstand ZAAK-2015-00170","ZTC","ZTC-SD-BZ-002","Bijzondere bijstand","Bestaanszekerheid","Bijzondere bijstand","Selectielijst gemeenten en intergemeentelijke organen 2012","2012","Sociaal domein bestaanszekerheid - bijzondere bijstand","Afgehandeld","P7Y","VERNIETIGEN","2015-03-25","2015-10-24","2022-10-25","5","1","ZAAK","REL-SD-0170","SELECTED","ONVERANDERD","Testzaak sociaal domein; selectielijstjaar afgeleid uit zaakjaar 2015"
"vk-sd-0171","bron-sd-0171","ZAAK-2016-00171","Minimaregeling ZAAK-2016-00171","ZTC","ZTC-SD-BZ-003","Minimaregeling","Bestaanszekerheid","Minimaregeling","Selectielijst gemeenten en intergemeentelijke organen 2012","2012","Sociaal domein bestaanszekerheid - minimabeleid","Afgehandeld","P5Y","VERNIETIGEN","2016-10-10","2017-08-09","2022-08-10","1","3","ZAAK","REL-SD-0171","SELECTED","ONVERANDERD","Testzaak sociaal domein; selectielijstjaar afgeleid uit zaakjaar 2016"
"vk-sd-0172","bron-sd-0172","ZAAK-2017-00172","Schuldhulpverlening ZAAK-2017-00172","ZTC","ZTC-SD-BZ-004","Schuldhulpverlening","Bestaanszekerheid","Schuldhulpverlening","Selectielijst gemeenten en intergemeentelijke organen 2017","2017","Sociaal domein bestaanszekerheid - schuldhulp","Beeindigd","P7Y","VERNIETIGEN","2017-05-21","2018-06-20","2025-06-21","6","1","ZAAK","REL-SD-0172","SELECTED","ONVERANDERD","Testzaak sociaal domein; selectielijstjaar afgeleid uit zaakjaar 2017"
"vk-sd-0173","bron-sd-0173","ZAAK-2018-00173","Wmo maatwerkvoorziening ZAAK-2018-00173","ZTC","ZTC-SD-WMO-001","Wmo maatwerkvoorziening","Wmo","Wmo maatwerkvoorziening","Selectielijst gemeenten en intergemeentelijke organen 2017","2017","Sociaal domein Wmo - maatwerkvoorziening","Afgehandeld","P7Y","VERNIETIGEN","2018-12-06","2020-04-05","2027-04-06","2","3","ZAAK","REL-SD-0173","SELECTED","ONVERANDERD","Testzaak sociaal domein; selectielijstjaar afgeleid uit zaakjaar 2018"
"vk-sd-0174","bron-sd-0174","ZAAK-2019-00174","Huishoudelijke ondersteuning ZAAK-2019-00174","ZTC","ZTC-SD-WMO-002","Huishoudelijke ondersteuning","Wmo","Huishoudelijke ondersteuning","Selectielijst gemeenten en intergemeentelijke organen 2017","2017","Sociaal domein Wmo - ondersteuning thuis","Afgehandeld","P7Y","VERNIETIGEN","2019-07-17","2019-08-16","2026-08-17","7","1","ZAAK","REL-SD-0174","SELECTED","ONVERANDERD","Testzaak sociaal domein; selectielijstjaar afgeleid uit zaakjaar 2019"
"vk-sd-0175","bron-sd-0175","ZAAK-2020-00175","Wmo vervoersvoorziening ZAAK-2020-00175","ZTC","ZTC-SD-WMO-003","Wmo vervoersvoorziening","Wmo","Wmo vervoersvoorziening","Selectielijst gemeenten en intergemeentelijke organen 2020","2020","Sociaal domein Wmo - vervoer","Afgehandeld","P7Y","VERNIETIGEN","2020-02-02","2020-06-01","2027-06-02","3","3","ZAAK","REL-SD-0175","SELECTED","ONVERANDERD","Testzaak sociaal domein; selectielijstjaar afgeleid uit zaakjaar 2020"
"vk-sd-0176","bron-sd-0176","ZAAK-2021-00176","Beschermd wonen ZAAK-2021-00176","ZTC","ZTC-SD-WMO-004","Beschermd wonen","Wmo","Beschermd wonen","Selectielijst gemeenten en intergemeentelijke organen 2020","2020","Sociaal domein Wmo - beschermd wonen","Beeindigd","P10Y","VERNIETIGEN","2021-09-13","2022-04-12","2032-04-13","8","1","ZAAK","REL-SD-0176","SELECTED","ONVERANDERD","Testzaak sociaal domein; selectielijstjaar afgeleid uit zaakjaar 2021"
"vk-sd-0177","bron-sd-0177","ZAAK-2022-00177","Jeugdhulpvoorziening ZAAK-2022-00177","ZTC","ZTC-SD-JG-001","Jeugdhulpvoorziening","Jeugd","Jeugdhulpvoorziening","Selectielijst gemeenten en intergemeentelijke organen 2020","2020","Sociaal domein jeugd - jeugdhulp","Afgehandeld","P15Y","VERNIETIGEN","2022-04-24","2023-02-23","2038-02-24","4","3","ZAAK","REL-SD-0177","SELECTED","ONVERANDERD","Testzaak sociaal domein; selectielijstjaar afgeleid uit zaakjaar 2022"
"vk-sd-0178","bron-sd-0178","ZAAK-2023-00178","Pgb jeugd ZAAK-2023-00178","ZTC","ZTC-SD-JG-002","Pgb jeugd","Jeugd","Pgb jeugd","Selectielijst gemeenten en intergemeentelijke organen 2020","2020","Sociaal domein jeugd - pgb","Afgehandeld","P15Y","VERNIETIGEN","2023-11-09","2024-12-08","2039-12-09","9","1","ZAAK","REL-SD-0178","SELECTED","ONVERANDERD","Testzaak sociaal domein; selectielijstjaar afgeleid uit zaakjaar 2023"
"vk-sd-0179","bron-sd-0179","ZAAK-2024-00179","Jeugdbescherming melding ZAAK-2024-00179","ZTC","ZTC-SD-JG-003","Jeugdbescherming melding","Jeugd","Jeugdbescherming melding","Selectielijst gemeenten en intergemeentelijke organen 2020","2020","Sociaal domein jeugd - jeugdbescherming","Afgesloten","P20Y","VERNIETIGEN","2024-06-20","2025-10-19","2045-10-20","5","3","ZAAK","REL-SD-0179","SELECTED","ONVERANDERD","Testzaak sociaal domein; selectielijstjaar afgeleid uit zaakjaar 2024"
"vk-sd-0180","bron-sd-0180","ZAAK-2025-00180","Leerlingenvervoer jeugd ZAAK-2025-00180","ZTC","ZTC-SD-JG-004","Leerlingenvervoer jeugd","Jeugd","Leerlingenvervoer jeugd","Selectielijst gemeenten en intergemeentelijke organen 2020","2020","Sociaal domein jeugd - leerlingenvervoer","Afgehandeld","P7Y","VERNIETIGEN","2025-01-05","2025-02-04","2032-02-05","1","1","ZAAK","REL-SD-0180","SELECTED","ONVERANDERD","Testzaak sociaal domein; selectielijstjaar afgeleid uit zaakjaar 2025"
"vk-sd-0181","bron-sd-0181","ZAAK-1996-00181","Aanvraag bijstandsuitkering ZAAK-1996-00181","ZTC","ZTC-SD-BZ-001","Aanvraag bijstandsuitkering","Bestaanszekerheid","Aanvraag bijstandsuitkering","Selectielijst gemeenten en intergemeentelijke organen 2012","2012","Sociaal domein bestaanszekerheid - uitkering","Afgehandeld","P7Y","VERNIETIGEN","1996-08-16","1996-12-15","2003-12-16","6","3","ZAAK","REL-SD-0181","SELECTED","ONVERANDERD","Testzaak sociaal domein; selectielijstjaar afgeleid uit zaakjaar 1996"
"vk-sd-0182","bron-sd-0182","ZAAK-1997-00182","Bijzondere bijstand ZAAK-1997-00182","ZTC","ZTC-SD-BZ-002","Bijzondere bijstand","Bestaanszekerheid","Bijzondere bijstand","Selectielijst gemeenten en intergemeentelijke organen 2012","2012","Sociaal domein bestaanszekerheid - bijzondere bijstand","Afgehandeld","P7Y","VERNIETIGEN","1997-03-01","1997-09-30","2004-10-01","2","1","ZAAK","REL-SD-0182","SELECTED","ONVERANDERD","Testzaak sociaal domein; selectielijstjaar afgeleid uit zaakjaar 1997"
"vk-sd-0183","bron-sd-0183","ZAAK-1998-00183","Minimaregeling ZAAK-1998-00183","ZTC","ZTC-SD-BZ-003","Minimaregeling","Bestaanszekerheid","Minimaregeling","Selectielijst gemeenten en intergemeentelijke organen 2012","2012","Sociaal domein bestaanszekerheid - minimabeleid","Afgehandeld","P5Y","VERNIETIGEN","1998-10-12","1999-08-11","2004-08-12","7","3","ZAAK","REL-SD-0183","SELECTED","ONVERANDERD","Testzaak sociaal domein; selectielijstjaar afgeleid uit zaakjaar 1998"
"vk-sd-0184","bron-sd-0184","ZAAK-1999-00184","Schuldhulpverlening ZAAK-1999-00184","ZTC","ZTC-SD-BZ-004","Schuldhulpverlening","Bestaanszekerheid","Schuldhulpverlening","Selectielijst gemeenten en intergemeentelijke organen 2012","2012","Sociaal domein bestaanszekerheid - schuldhulp","Beeindigd","P7Y","VERNIETIGEN","1999-05-23","2000-06-22","2007-06-23","3","1","ZAAK","REL-SD-0184","SELECTED","ONVERANDERD","Testzaak sociaal domein; selectielijstjaar afgeleid uit zaakjaar 1999"
"vk-sd-0185","bron-sd-0185","ZAAK-2000-00185","Wmo maatwerkvoorziening ZAAK-2000-00185","ZTC","ZTC-SD-WMO-001","Wmo maatwerkvoorziening","Wmo","Wmo maatwerkvoorziening","Selectielijst gemeenten en intergemeentelijke organen 2012","2012","Sociaal domein Wmo - maatwerkvoorziening","Afgehandeld","P7Y","VERNIETIGEN","2000-12-08","2002-04-07","2009-04-08","8","3","ZAAK","REL-SD-0185","SELECTED","ONVERANDERD","Testzaak sociaal domein; selectielijstjaar afgeleid uit zaakjaar 2000"
"vk-sd-0186","bron-sd-0186","ZAAK-2001-00186","Huishoudelijke ondersteuning ZAAK-2001-00186","ZTC","ZTC-SD-WMO-002","Huishoudelijke ondersteuning","Wmo","Huishoudelijke ondersteuning","Selectielijst gemeenten en intergemeentelijke organen 2012","2012","Sociaal domein Wmo - ondersteuning thuis","Afgehandeld","P7Y","VERNIETIGEN","2001-07-19","2001-08-18","2008-08-19","4","1","ZAAK","REL-SD-0186","SELECTED","ONVERANDERD","Testzaak sociaal domein; selectielijstjaar afgeleid uit zaakjaar 2001"
"vk-sd-0187","bron-sd-0187","ZAAK-2002-00187","Wmo vervoersvoorziening ZAAK-2002-00187","ZTC","ZTC-SD-WMO-003","Wmo vervoersvoorziening","Wmo","Wmo vervoersvoorziening","Selectielijst gemeenten en intergemeentelijke organen 2012","2012","Sociaal domein Wmo - vervoer","Afgehandeld","P7Y","VERNIETIGEN","2002-02-04","2002-06-03","2009-06-04","9","3","ZAAK","REL-SD-0187","SELECTED","ONVERANDERD","Testzaak sociaal domein; selectielijstjaar afgeleid uit zaakjaar 2002"
"vk-sd-0188","bron-sd-0188","ZAAK-2003-00188","Beschermd wonen ZAAK-2003-00188","ZTC","ZTC-SD-WMO-004","Beschermd wonen","Wmo","Beschermd wonen","Selectielijst gemeenten en intergemeentelijke organen 2012","2012","Sociaal domein Wmo - beschermd wonen","Beeindigd","P10Y","VERNIETIGEN","2003-09-15","2004-04-14","2014-04-15","5","1","ZAAK","REL-SD-0188","SELECTED","ONVERANDERD","Testzaak sociaal domein; selectielijstjaar afgeleid uit zaakjaar 2003"
"vk-sd-0189","bron-sd-0189","ZAAK-2004-00189","Jeugdhulpvoorziening ZAAK-2004-00189","ZTC","ZTC-SD-JG-001","Jeugdhulpvoorziening","Jeugd","Jeugdhulpvoorziening","Selectielijst gemeenten en intergemeentelijke organen 2012","2012","Sociaal domein jeugd - jeugdhulp","Afgehandeld","P15Y","VERNIETIGEN","2004-04-26","2005-02-25","2020-02-26","1","3","ZAAK","REL-SD-0189","SELECTED","ONVERANDERD","Testzaak sociaal domein; selectielijstjaar afgeleid uit zaakjaar 2004"
"vk-sd-0190","bron-sd-0190","ZAAK-2005-00190","Pgb jeugd ZAAK-2005-00190","ZTC","ZTC-SD-JG-002","Pgb jeugd","Jeugd","Pgb jeugd","Selectielijst gemeenten en intergemeentelijke organen 2012","2012","Sociaal domein jeugd - pgb","Afgehandeld","P15Y","VERNIETIGEN","2005-11-11","2006-12-10","2021-12-11","6","1","ZAAK","REL-SD-0190","SELECTED","ONVERANDERD","Testzaak sociaal domein; selectielijstjaar afgeleid uit zaakjaar 2005"
"vk-sd-0191","bron-sd-0191","ZAAK-2006-00191","Jeugdbescherming melding ZAAK-2006-00191","ZTC","ZTC-SD-JG-003","Jeugdbescherming melding","Jeugd","Jeugdbescherming melding","Selectielijst gemeenten en intergemeentelijke organen 2012","2012","Sociaal domein jeugd - jeugdbescherming","Afgesloten","P20Y","VERNIETIGEN","2006-06-22","2007-10-21","2027-10-22","2","3","ZAAK","REL-SD-0191","SELECTED","ONVERANDERD","Testzaak sociaal domein; selectielijstjaar afgeleid uit zaakjaar 2006"
"vk-sd-0192","bron-sd-0192","ZAAK-2007-00192","Leerlingenvervoer jeugd ZAAK-2007-00192","ZTC","ZTC-SD-JG-004","Leerlingenvervoer jeugd","Jeugd","Leerlingenvervoer jeugd","Selectielijst gemeenten en intergemeentelijke organen 2012","2012","Sociaal domein jeugd - leerlingenvervoer","Afgehandeld","P7Y","VERNIETIGEN","2007-01-07","2007-02-06","2014-02-07","7","1","ZAAK","REL-SD-0192","SELECTED","ONVERANDERD","Testzaak sociaal domein; selectielijstjaar afgeleid uit zaakjaar 2007"
"vk-sd-0193","bron-sd-0193","ZAAK-2008-00193","Aanvraag bijstandsuitkering ZAAK-2008-00193","ZTC","ZTC-SD-BZ-001","Aanvraag bijstandsuitkering","Bestaanszekerheid","Aanvraag bijstandsuitkering","Selectielijst gemeenten en intergemeentelijke organen 2012","2012","Sociaal domein bestaanszekerheid - uitkering","Afgehandeld","P7Y","VERNIETIGEN","2008-08-18","2008-12-17","2015-12-18","3","3","ZAAK","REL-SD-0193","SELECTED","ONVERANDERD","Testzaak sociaal domein; selectielijstjaar afgeleid uit zaakjaar 2008"
"vk-sd-0194","bron-sd-0194","ZAAK-2009-00194","Bijzondere bijstand ZAAK-2009-00194","ZTC","ZTC-SD-BZ-002","Bijzondere bijstand","Bestaanszekerheid","Bijzondere bijstand","Selectielijst gemeenten en intergemeentelijke organen 2012","2012","Sociaal domein bestaanszekerheid - bijzondere bijstand","Afgehandeld","P7Y","VERNIETIGEN","2009-03-03","2009-10-02","2016-10-03","8","1","ZAAK","REL-SD-0194","SELECTED","ONVERANDERD","Testzaak sociaal domein; selectielijstjaar afgeleid uit zaakjaar 2009"
"vk-sd-0195","bron-sd-0195","ZAAK-2010-00195","Minimaregeling ZAAK-2010-00195","ZTC","ZTC-SD-BZ-003","Minimaregeling","Bestaanszekerheid","Minimaregeling","Selectielijst gemeenten en intergemeentelijke organen 2012","2012","Sociaal domein bestaanszekerheid - minimabeleid","Afgehandeld","P5Y","VERNIETIGEN","2010-10-14","2011-08-13","2016-08-14","4","3","ZAAK","REL-SD-0195","SELECTED","ONVERANDERD","Testzaak sociaal domein; selectielijstjaar afgeleid uit zaakjaar 2010"
"vk-sd-0196","bron-sd-0196","ZAAK-2011-00196","Schuldhulpverlening ZAAK-2011-00196","ZTC","ZTC-SD-BZ-004","Schuldhulpverlening","Bestaanszekerheid","Schuldhulpverlening","Selectielijst gemeenten en intergemeentelijke organen 2012","2012","Sociaal domein bestaanszekerheid - schuldhulp","Beeindigd","P7Y","VERNIETIGEN","2011-05-25","2012-06-24","2019-06-25","9","1","ZAAK","REL-SD-0196","SELECTED","ONVERANDERD","Testzaak sociaal domein; selectielijstjaar afgeleid uit zaakjaar 2011"
"vk-sd-0197","bron-sd-0197","ZAAK-2012-00197","Wmo maatwerkvoorziening ZAAK-2012-00197","ZTC","ZTC-SD-WMO-001","Wmo maatwerkvoorziening","Wmo","Wmo maatwerkvoorziening","Selectielijst gemeenten en intergemeentelijke organen 2012","2012","Sociaal domein Wmo - maatwerkvoorziening","Afgehandeld","P7Y","VERNIETIGEN","2012-12-10","2014-04-09","2021-04-10","5","3","ZAAK","REL-SD-0197","SELECTED","ONVERANDERD","Testzaak sociaal domein; selectielijstjaar afgeleid uit zaakjaar 2012"
"vk-sd-0198","bron-sd-0198","ZAAK-2013-00198","Huishoudelijke ondersteuning ZAAK-2013-00198","ZTC","ZTC-SD-WMO-002","Huishoudelijke ondersteuning","Wmo","Huishoudelijke ondersteuning","Selectielijst gemeenten en intergemeentelijke organen 2012","2012","Sociaal domein Wmo - ondersteuning thuis","Afgehandeld","P7Y","VERNIETIGEN","2013-07-21","2013-08-20","2020-08-21","1","1","ZAAK","REL-SD-0198","SELECTED","ONVERANDERD","Testzaak sociaal domein; selectielijstjaar afgeleid uit zaakjaar 2013"
"vk-sd-0199","bron-sd-0199","ZAAK-2014-00199","Wmo vervoersvoorziening ZAAK-2014-00199","ZTC","ZTC-SD-WMO-003","Wmo vervoersvoorziening","Wmo","Wmo vervoersvoorziening","Selectielijst gemeenten en intergemeentelijke organen 2012","2012","Sociaal domein Wmo - vervoer","Afgehandeld","P7Y","VERNIETIGEN","2014-02-06","2014-06-05","2021-06-06","6","3","ZAAK","REL-SD-0199","SELECTED","ONVERANDERD","Testzaak sociaal domein; selectielijstjaar afgeleid uit zaakjaar 2014"
"vk-sd-0200","bron-sd-0200","ZAAK-2015-00200","Beschermd wonen ZAAK-2015-00200","ZTC","ZTC-SD-WMO-004","Beschermd wonen","Wmo","Beschermd wonen","Selectielijst gemeenten en intergemeentelijke organen 2012","2012","Sociaal domein Wmo - beschermd wonen","Beeindigd","P10Y","VERNIETIGEN","2015-09-17","2016-04-16","2026-04-17","2","1","ZAAK","REL-SD-0200","SELECTED","ONVERANDERD","Testzaak sociaal domein; selectielijstjaar afgeleid uit zaakjaar 2015"
